period_object,period,horizon,state_id,fiscal_year,scenario_id,shock_path_id,shock_bps_year,selected_marginal_D_bil,nominal_gdp_bil,fixed_D_comparison_bil,historical_path_D_bil,source_status,allowed_use,blocked_use,claim_boundary
historical,2021Q4,annual_h1_100bp_year,historical_actual_state::2021Q4,2021,actual_state,plus_100bp_year,100,192.553536,24813.6,192.553536,15.40428288,output_reconstruction_from_existing_final_snapshot_not_external_gdp,marginal_denominator_rebuild_seed_for_v1_closeout,evidence_mode_gdp_source_claim;new_denominator_method_change,seed_reproduces_existing_selected_D_values_without_value_change
historical,2022Q1,annual_h1_100bp_year,historical_actual_state::2022Q1,2022,actual_state,plus_100bp_year,100,195.942328,25250.3,195.942328,23.51307936,output_reconstruction_from_existing_final_snapshot_not_external_gdp,marginal_denominator_rebuild_seed_for_v1_closeout,evidence_mode_gdp_source_claim;new_denominator_method_change,seed_reproduces_existing_selected_D_values_without_value_change
historical,2022Q2,annual_h1_100bp_year,historical_actual_state::2022Q2,2022,actual_state,plus_100bp_year,100,200.683688,25861.3,200.683688,154.52643976,output_reconstruction_from_existing_final_snapshot_not_external_gdp,marginal_denominator_rebuild_seed_for_v1_closeout,evidence_mode_gdp_source_claim;new_denominator_method_change,seed_reproduces_existing_selected_D_values_without_value_change
historical,2022Q3,annual_h1_100bp_year,historical_actual_state::2022Q3,2022,actual_state,plus_100bp_year,100,204.369688,26336.3,204.369688,447.56961672,output_reconstruction_from_existing_final_snapshot_not_external_gdp,marginal_denominator_rebuild_seed_for_v1_closeout,evidence_mode_gdp_source_claim;new_denominator_method_change,seed_reproduces_existing_selected_D_values_without_value_change
historical,2022Q4,annual_h1_100bp_year,historical_actual_state::2022Q4,2022,actual_state,plus_100bp_year,100,207.73908,26770.5,207.73908,758.94010553075364,output_reconstruction_from_existing_final_snapshot_not_external_gdp,marginal_denominator_rebuild_seed_for_v1_closeout,evidence_mode_gdp_source_claim;new_denominator_method_change,seed_reproduces_existing_selected_D_values_without_value_change
historical,2023Q1,annual_h1_100bp_year,historical_actual_state::2023Q1,2023,actual_state,plus_100bp_year,100,211.199264,27216.4,211.199264,953.916675803733088,output_reconstruction_from_existing_final_snapshot_not_external_gdp,marginal_denominator_rebuild_seed_for_v1_closeout,evidence_mode_gdp_source_claim;new_denominator_method_change,seed_reproduces_existing_selected_D_values_without_value_change
historical,2023Q2,annual_h1_100bp_year,historical_actual_state::2023Q2,2023,actual_state,plus_100bp_year,100,213.633576,27530.1,213.633576,1066.03154424,output_reconstruction_from_existing_final_snapshot_not_external_gdp,marginal_denominator_rebuild_seed_for_v1_closeout,evidence_mode_gdp_source_claim;new_denominator_method_change,seed_reproduces_existing_selected_D_values_without_value_change
historical,2023Q3,annual_h1_100bp_year,historical_actual_state::2023Q3,2023,actual_state,plus_100bp_year,100,217.860448,28074.8,217.860448,1145.94595648,output_reconstruction_from_existing_final_snapshot_not_external_gdp,marginal_denominator_rebuild_seed_for_v1_closeout,evidence_mode_gdp_source_claim;new_denominator_method_change,seed_reproduces_existing_selected_D_values_without_value_change
historical,2023Q4,annual_h1_100bp_year,historical_actual_state::2023Q4,2023,actual_state,plus_100bp_year,100,220.575672,28424.7,220.575672,1175.66833176,output_reconstruction_from_existing_final_snapshot_not_external_gdp,marginal_denominator_rebuild_seed_for_v1_closeout,evidence_mode_gdp_source_claim;new_denominator_method_change,seed_reproduces_existing_selected_D_values_without_value_change
historical,2024Q1,annual_h1_100bp_year,historical_actual_state::2024Q1,2024,actual_state,plus_100bp_year,100,222.775632,28708.2,222.775632,1187.39411856,output_reconstruction_from_existing_final_snapshot_not_external_gdp,marginal_denominator_rebuild_seed_for_v1_closeout,evidence_mode_gdp_source_claim;new_denominator_method_change,seed_reproduces_existing_selected_D_values_without_value_change
historical,2024Q2,annual_h1_100bp_year,historical_actual_state::2024Q2,2024,actual_state,plus_100bp_year,100,226.18072,29147,226.18072,1205.5432376,output_reconstruction_from_existing_final_snapshot_not_external_gdp,marginal_denominator_rebuild_seed_for_v1_closeout,evidence_mode_gdp_source_claim;new_denominator_method_change,seed_reproduces_existing_selected_D_values_without_value_change
historical,2024Q3,annual_h1_100bp_year,historical_actual_state::2024Q3,2024,actual_state,plus_100bp_year,100,229.010792,29511.7,229.010792,1205.360135150329736,output_reconstruction_from_existing_final_snapshot_not_external_gdp,marginal_denominator_rebuild_seed_for_v1_closeout,evidence_mode_gdp_source_claim;new_denominator_method_change,seed_reproduces_existing_selected_D_values_without_value_change
historical,2024Q4,annual_h1_100bp_year,historical_actual_state::2024Q4,2024,actual_state,plus_100bp_year,100,231.443552,29825.2,231.443552,1076.2125168,output_reconstruction_from_existing_final_snapshot_not_external_gdp,marginal_denominator_rebuild_seed_for_v1_closeout,evidence_mode_gdp_source_claim;new_denominator_method_change,seed_reproduces_existing_selected_D_values_without_value_change
historical,2025Q1,annual_h1_100bp_year,historical_actual_state::2025Q1,2025,actual_state,plus_100bp_year,100,233.126696,30042.1,233.126696,1009.43859368,output_reconstruction_from_existing_final_snapshot_not_external_gdp,marginal_denominator_rebuild_seed_for_v1_closeout,evidence_mode_gdp_source_claim;new_denominator_method_change,seed_reproduces_existing_selected_D_values_without_value_change
historical,2025Q2,annual_h1_100bp_year,historical_actual_state::2025Q2,2025,actual_state,plus_100bp_year,100,236.569032,30485.7,236.569032,1024.34390856,output_reconstruction_from_existing_final_snapshot_not_external_gdp,marginal_denominator_rebuild_seed_for_v1_closeout,evidence_mode_gdp_source_claim;new_denominator_method_change,seed_reproduces_existing_selected_D_values_without_value_change
historical,2025Q3,annual_h1_100bp_year,historical_actual_state::2025Q3,2025,actual_state,plus_100bp_year,100,240.3141295216,30968.31566,240.3141295216,1031.7486626659646234928,output_reconstruction_from_existing_final_snapshot_not_external_gdp,marginal_denominator_rebuild_seed_for_v1_closeout,evidence_mode_gdp_source_claim;new_denominator_method_change,seed_reproduces_existing_selected_D_values_without_value_change
historical,2025Q4,annual_h1_100bp_year,historical_actual_state::2025Q4,2025,actual_state,plus_100bp_year,100,243.0792177296,31324.64146,243.0792177296,940.6833504907064601088,output_reconstruction_from_existing_final_snapshot_not_external_gdp,marginal_denominator_rebuild_seed_for_v1_closeout,evidence_mode_gdp_source_claim;new_denominator_method_change,seed_reproduces_existing_selected_D_values_without_value_change
historical,2026Q1,annual_h1_100bp_year,historical_actual_state::2026Q1,2026,actual_state,plus_100bp_year,100,246.1491486912,31720.25112,246.1491486912,895.9496270401970722752,output_reconstruction_from_existing_final_snapshot_not_external_gdp,marginal_denominator_rebuild_seed_for_v1_closeout,evidence_mode_gdp_source_claim;new_denominator_method_change,seed_reproduces_existing_selected_D_values_without_value_change
historical,2026Q2,annual_h1_100bp_year,historical_actual_state::2026Q2,2026,actual_state,plus_100bp_year,100,249.05610584,32094.859,249.05610584,844.24921377500517608,output_reconstruction_from_existing_final_snapshot_not_external_gdp,marginal_denominator_rebuild_seed_for_v1_closeout,evidence_mode_gdp_source_claim;new_denominator_method_change,seed_reproduces_existing_selected_D_values_without_value_change
historical,2000Q1,annual_h1_100bp_year,historical_actual_state::2000Q1,2000,actual_state,plus_100bp_year,100,77.61690904,10002.179,,,output_reconstruction_from_existing_final_snapshot_not_external_gdp,marginal_denominator_rebuild_seed_for_v1_closeout,evidence_mode_gdp_source_claim;new_denominator_method_change,seed_reproduces_existing_selected_D_values_without_value_change
historical,2000Q2,annual_h1_100bp_year,historical_actual_state::2000Q2,2000,actual_state,plus_100bp_year,100,79.5223072,10247.72,,,output_reconstruction_from_existing_final_snapshot_not_external_gdp,marginal_denominator_rebuild_seed_for_v1_closeout,evidence_mode_gdp_source_claim;new_denominator_method_change,seed_reproduces_existing_selected_D_values_without_value_change
historical,2000Q3,annual_h1_100bp_year,historical_actual_state::2000Q3,2000,actual_state,plus_100bp_year,100,80.0689604,10318.165,,,output_reconstruction_from_existing_final_snapshot_not_external_gdp,marginal_denominator_rebuild_seed_for_v1_closeout,evidence_mode_gdp_source_claim;new_denominator_method_change,seed_reproduces_existing_selected_D_values_without_value_change
historical,2000Q4,annual_h1_100bp_year,historical_actual_state::2000Q4,2000,actual_state,plus_100bp_year,100,80.98137344,10435.744,,,output_reconstruction_from_existing_final_snapshot_not_external_gdp,marginal_denominator_rebuild_seed_for_v1_closeout,evidence_mode_gdp_source_claim;new_denominator_method_change,seed_reproduces_existing_selected_D_values_without_value_change
historical,2001Q1,annual_h1_100bp_year,historical_actual_state::2001Q1,2001,actual_state,plus_100bp_year,100,81.24899256,10470.231,,,output_reconstruction_from_existing_final_snapshot_not_external_gdp,marginal_denominator_rebuild_seed_for_v1_closeout,evidence_mode_gdp_source_claim;new_denominator_method_change,seed_reproduces_existing_selected_D_values_without_value_change
historical,2001Q2,annual_h1_100bp_year,historical_actual_state::2001Q2,2001,actual_state,plus_100bp_year,100,82.24824,10599,,,output_reconstruction_from_existing_final_snapshot_not_external_gdp,marginal_denominator_rebuild_seed_for_v1_closeout,evidence_mode_gdp_source_claim;new_denominator_method_change,seed_reproduces_existing_selected_D_values_without_value_change
historical,2001Q3,annual_h1_100bp_year,historical_actual_state::2001Q3,2001,actual_state,plus_100bp_year,100,82.2406352,10598.02,,,output_reconstruction_from_existing_final_snapshot_not_external_gdp,marginal_denominator_rebuild_seed_for_v1_closeout,evidence_mode_gdp_source_claim;new_denominator_method_change,seed_reproduces_existing_selected_D_values_without_value_change
historical,2001Q4,annual_h1_100bp_year,historical_actual_state::2001Q4,2001,actual_state,plus_100bp_year,100,82.7252084,10660.465,,,output_reconstruction_from_existing_final_snapshot_not_external_gdp,marginal_denominator_rebuild_seed_for_v1_closeout,evidence_mode_gdp_source_claim;new_denominator_method_change,seed_reproduces_existing_selected_D_values_without_value_change
historical,2002Q1,annual_h1_100bp_year,historical_actual_state::2002Q1,2002,actual_state,plus_100bp_year,100,83.67996,10783.5,,,output_reconstruction_from_existing_final_snapshot_not_external_gdp,marginal_denominator_rebuild_seed_for_v1_closeout,evidence_mode_gdp_source_claim;new_denominator_method_change,seed_reproduces_existing_selected_D_values_without_value_change
historical,2002Q2,annual_h1_100bp_year,historical_actual_state::2002Q2,2002,actual_state,plus_100bp_year,100,84.4866896,10887.46,,,output_reconstruction_from_existing_final_snapshot_not_external_gdp,marginal_denominator_rebuild_seed_for_v1_closeout,evidence_mode_gdp_source_claim;new_denominator_method_change,seed_reproduces_existing_selected_D_values_without_value_change
historical,2002Q3,annual_h1_100bp_year,historical_actual_state::2002Q3,2002,actual_state,plus_100bp_year,100,85.2361504,10984.04,,,output_reconstruction_from_existing_final_snapshot_not_external_gdp,marginal_denominator_rebuild_seed_for_v1_closeout,evidence_mode_gdp_source_claim;new_denominator_method_change,seed_reproduces_existing_selected_D_values_without_value_change
historical,2002Q4,annual_h1_100bp_year,historical_actual_state::2002Q4,2002,actual_state,plus_100bp_year,100,85.83672008,11061.433,,,output_reconstruction_from_existing_final_snapshot_not_external_gdp,marginal_denominator_rebuild_seed_for_v1_closeout,evidence_mode_gdp_source_claim;new_denominator_method_change,seed_reproduces_existing_selected_D_values_without_value_change
historical,2003Q1,annual_h1_100bp_year,historical_actual_state::2003Q1,2003,actual_state,plus_100bp_year,100,86.71124104,11174.129,,,output_reconstruction_from_existing_final_snapshot_not_external_gdp,marginal_denominator_rebuild_seed_for_v1_closeout,evidence_mode_gdp_source_claim;new_denominator_method_change,seed_reproduces_existing_selected_D_values_without_value_change
historical,2003Q2,annual_h1_100bp_year,historical_actual_state::2003Q2,2003,actual_state,plus_100bp_year,100,87.78706416,11312.766,,,output_reconstruction_from_existing_final_snapshot_not_external_gdp,marginal_denominator_rebuild_seed_for_v1_closeout,evidence_mode_gdp_source_claim;new_denominator_method_change,seed_reproduces_existing_selected_D_values_without_value_change
historical,2003Q3,annual_h1_100bp_year,historical_actual_state::2003Q3,2003,actual_state,plus_100bp_year,100,89.75735144,11566.669,,,output_reconstruction_from_existing_final_snapshot_not_external_gdp,marginal_denominator_rebuild_seed_for_v1_closeout,evidence_mode_gdp_source_claim;new_denominator_method_change,seed_reproduces_existing_selected_D_values_without_value_change
historical,2003Q4,annual_h1_100bp_year,historical_actual_state::2003Q4,2003,actual_state,plus_100bp_year,100,91.35253584,11772.234,,,output_reconstruction_from_existing_final_snapshot_not_external_gdp,marginal_denominator_rebuild_seed_for_v1_closeout,evidence_mode_gdp_source_claim;new_denominator_method_change,seed_reproduces_existing_selected_D_values_without_value_change
historical,2004Q1,annual_h1_100bp_year,historical_actual_state::2004Q1,2004,actual_state,plus_100bp_year,100,92.52594872,11923.447,,,output_reconstruction_from_existing_final_snapshot_not_external_gdp,marginal_denominator_rebuild_seed_for_v1_closeout,evidence_mode_gdp_source_claim;new_denominator_method_change,seed_reproduces_existing_selected_D_values_without_value_change
historical,2004Q2,annual_h1_100bp_year,historical_actual_state::2004Q2,2004,actual_state,plus_100bp_year,100,93.9954444,12112.815,,,output_reconstruction_from_existing_final_snapshot_not_external_gdp,marginal_denominator_rebuild_seed_for_v1_closeout,evidence_mode_gdp_source_claim;new_denominator_method_change,seed_reproduces_existing_selected_D_values_without_value_change
historical,2004Q3,annual_h1_100bp_year,historical_actual_state::2004Q3,2004,actual_state,plus_100bp_year,100,95.48918232,12305.307,,,output_reconstruction_from_existing_final_snapshot_not_external_gdp,marginal_denominator_rebuild_seed_for_v1_closeout,evidence_mode_gdp_source_claim;new_denominator_method_change,seed_reproduces_existing_selected_D_values_without_value_change
historical,2004Q4,annual_h1_100bp_year,historical_actual_state::2004Q4,2004,actual_state,plus_100bp_year,100,97.21118064,12527.214,,,output_reconstruction_from_existing_final_snapshot_not_external_gdp,marginal_denominator_rebuild_seed_for_v1_closeout,evidence_mode_gdp_source_claim;new_denominator_method_change,seed_reproduces_existing_selected_D_values_without_value_change
historical,2005Q1,annual_h1_100bp_year,historical_actual_state::2005Q1,2005,actual_state,plus_100bp_year,100,99.07413936,12767.286,,,output_reconstruction_from_existing_final_snapshot_not_external_gdp,marginal_denominator_rebuild_seed_for_v1_closeout,evidence_mode_gdp_source_claim;new_denominator_method_change,seed_reproduces_existing_selected_D_values_without_value_change
historical,2005Q2,annual_h1_100bp_year,historical_actual_state::2005Q2,2005,actual_state,plus_100bp_year,100,100.27981056,12922.656,,,output_reconstruction_from_existing_final_snapshot_not_external_gdp,marginal_denominator_rebuild_seed_for_v1_closeout,evidence_mode_gdp_source_claim;new_denominator_method_change,seed_reproduces_existing_selected_D_values_without_value_change
historical,2005Q3,annual_h1_100bp_year,historical_actual_state::2005Q3,2005,actual_state,plus_100bp_year,100,101.98690192,13142.642,,,output_reconstruction_from_existing_final_snapshot_not_external_gdp,marginal_denominator_rebuild_seed_for_v1_closeout,evidence_mode_gdp_source_claim;new_denominator_method_change,seed_reproduces_existing_selected_D_values_without_value_change
historical,2005Q4,annual_h1_100bp_year,historical_actual_state::2005Q4,2005,actual_state,plus_100bp_year,100,103.39582304,13324.204,,,output_reconstruction_from_existing_final_snapshot_not_external_gdp,marginal_denominator_rebuild_seed_for_v1_closeout,evidence_mode_gdp_source_claim;new_denominator_method_change,seed_reproduces_existing_selected_D_values_without_value_change
historical,2006Q1,annual_h1_100bp_year,historical_actual_state::2006Q1,2006,actual_state,plus_100bp_year,100,105.5294816,13599.16,,,output_reconstruction_from_existing_final_snapshot_not_external_gdp,marginal_denominator_rebuild_seed_for_v1_closeout,evidence_mode_gdp_source_claim;new_denominator_method_change,seed_reproduces_existing_selected_D_values_without_value_change
historical,2006Q2,annual_h1_100bp_year,historical_actual_state::2006Q2,2006,actual_state,plus_100bp_year,100,106.72657024,13753.424,,,output_reconstruction_from_existing_final_snapshot_not_external_gdp,marginal_denominator_rebuild_seed_for_v1_closeout,evidence_mode_gdp_source_claim;new_denominator_method_change,seed_reproduces_existing_selected_D_values_without_value_change
historical,2006Q3,annual_h1_100bp_year,historical_actual_state::2006Q3,2006,actual_state,plus_100bp_year,100,107.63265888,13870.188,,,output_reconstruction_from_existing_final_snapshot_not_external_gdp,marginal_denominator_rebuild_seed_for_v1_closeout,evidence_mode_gdp_source_claim;new_denominator_method_change,seed_reproduces_existing_selected_D_values_without_value_change
historical,2006Q4,annual_h1_100bp_year,historical_actual_state::2006Q4,2006,actual_state,plus_100bp_year,100,108.9469856,14039.56,,,output_reconstruction_from_existing_final_snapshot_not_external_gdp,marginal_denominator_rebuild_seed_for_v1_closeout,evidence_mode_gdp_source_claim;new_denominator_method_change,seed_reproduces_existing_selected_D_values_without_value_change
historical,2007Q1,annual_h1_100bp_year,historical_actual_state::2007Q1,2007,actual_state,plus_100bp_year,100,110.31345176,14215.651,,,output_reconstruction_from_existing_final_snapshot_not_external_gdp,marginal_denominator_rebuild_seed_for_v1_closeout,evidence_mode_gdp_source_claim;new_denominator_method_change,seed_reproduces_existing_selected_D_values_without_value_change
historical,2007Q2,annual_h1_100bp_year,historical_actual_state::2007Q2,2007,actual_state,plus_100bp_year,100,111.76015632,14402.082,,,output_reconstruction_from_existing_final_snapshot_not_external_gdp,marginal_denominator_rebuild_seed_for_v1_closeout,evidence_mode_gdp_source_claim;new_denominator_method_change,seed_reproduces_existing_selected_D_values_without_value_change
historical,2007Q3,annual_h1_100bp_year,historical_actual_state::2007Q3,2007,actual_state,plus_100bp_year,100,113.01754792,14564.117,,,output_reconstruction_from_existing_final_snapshot_not_external_gdp,marginal_denominator_rebuild_seed_for_v1_closeout,evidence_mode_gdp_source_claim;new_denominator_method_change,seed_reproduces_existing_selected_D_values_without_value_change
historical,2007Q4,annual_h1_100bp_year,historical_actual_state::2007Q4,2007,actual_state,plus_100bp_year,100,114.18885008,14715.058,,,output_reconstruction_from_existing_final_snapshot_not_external_gdp,marginal_denominator_rebuild_seed_for_v1_closeout,evidence_mode_gdp_source_claim;new_denominator_method_change,seed_reproduces_existing_selected_D_values_without_value_change
historical,2008Q1,annual_h1_100bp_year,historical_actual_state::2008Q1,2008,actual_state,plus_100bp_year,100,114.12273488,14706.538,,,output_reconstruction_from_existing_final_snapshot_not_external_gdp,marginal_denominator_rebuild_seed_for_v1_closeout,evidence_mode_gdp_source_claim;new_denominator_method_change,seed_reproduces_existing_selected_D_values_without_value_change
historical,2008Q2,annual_h1_100bp_year,historical_actual_state::2008Q2,2008,actual_state,plus_100bp_year,100,115.35783976,14865.701,,,output_reconstruction_from_existing_final_snapshot_not_external_gdp,marginal_denominator_rebuild_seed_for_v1_closeout,evidence_mode_gdp_source_claim;new_denominator_method_change,seed_reproduces_existing_selected_D_values_without_value_change
historical,2008Q3,annual_h1_100bp_year,historical_actual_state::2008Q3,2008,actual_state,plus_100bp_year,100,115.61623224,14898.999,,,output_reconstruction_from_existing_final_snapshot_not_external_gdp,marginal_denominator_rebuild_seed_for_v1_closeout,evidence_mode_gdp_source_claim;new_denominator_method_change,seed_reproduces_existing_selected_D_values_without_value_change
historical,2008Q4,annual_h1_100bp_year,historical_actual_state::2008Q4,2008,actual_state,plus_100bp_year,100,113.35970184,14608.209,,,output_reconstruction_from_existing_final_snapshot_not_external_gdp,marginal_denominator_rebuild_seed_for_v1_closeout,evidence_mode_gdp_source_claim;new_denominator_method_change,seed_reproduces_existing_selected_D_values_without_value_change
historical,2009Q1,annual_h1_100bp_year,historical_actual_state::2009Q1,2009,actual_state,plus_100bp_year,100,111.98379952,14430.902,,,output_reconstruction_from_existing_final_snapshot_not_external_gdp,marginal_denominator_rebuild_seed_for_v1_closeout,evidence_mode_gdp_source_claim;new_denominator_method_change,seed_reproduces_existing_selected_D_values_without_value_change
historical,2009Q2,annual_h1_100bp_year,historical_actual_state::2009Q2,2009,actual_state,plus_100bp_year,100,111.59839136,14381.236,,,output_reconstruction_from_existing_final_snapshot_not_external_gdp,marginal_denominator_rebuild_seed_for_v1_closeout,evidence_mode_gdp_source_claim;new_denominator_method_change,seed_reproduces_existing_selected_D_values_without_value_change
historical,2009Q3,annual_h1_100bp_year,historical_actual_state::2009Q3,2009,actual_state,plus_100bp_year,100,112.12332432,14448.882,,,output_reconstruction_from_existing_final_snapshot_not_external_gdp,marginal_denominator_rebuild_seed_for_v1_closeout,evidence_mode_gdp_source_claim;new_denominator_method_change,seed_reproduces_existing_selected_D_values_without_value_change
historical,2009Q4,annual_h1_100bp_year,historical_actual_state::2009Q4,2009,actual_state,plus_100bp_year,100,113.69369224,14651.249,,,output_reconstruction_from_existing_final_snapshot_not_external_gdp,marginal_denominator_rebuild_seed_for_v1_closeout,evidence_mode_gdp_source_claim;new_denominator_method_change,seed_reproduces_existing_selected_D_values_without_value_change
historical,2010Q1,annual_h1_100bp_year,historical_actual_state::2010Q1,2010,actual_state,plus_100bp_year,100,114.5733736,14764.61,,,output_reconstruction_from_existing_final_snapshot_not_external_gdp,marginal_denominator_rebuild_seed_for_v1_closeout,evidence_mode_gdp_source_claim;new_denominator_method_change,seed_reproduces_existing_selected_D_values_without_value_change
historical,2010Q2,annual_h1_100bp_year,historical_actual_state::2010Q2,2010,actual_state,plus_100bp_year,100,116.24629768,14980.193,,,output_reconstruction_from_existing_final_snapshot_not_external_gdp,marginal_denominator_rebuild_seed_for_v1_closeout,evidence_mode_gdp_source_claim;new_denominator_method_change,seed_reproduces_existing_selected_D_values_without_value_change
historical,2010Q3,annual_h1_100bp_year,historical_actual_state::2010Q3,2010,actual_state,plus_100bp_year,100,117.49887032,15141.607,,,output_reconstruction_from_existing_final_snapshot_not_external_gdp,marginal_denominator_rebuild_seed_for_v1_closeout,evidence_mode_gdp_source_claim;new_denominator_method_change,seed_reproduces_existing_selected_D_values_without_value_change
historical,2010Q4,annual_h1_100bp_year,historical_actual_state::2010Q4,2010,actual_state,plus_100bp_year,100,118.80151824,15309.474,,,output_reconstruction_from_existing_final_snapshot_not_external_gdp,marginal_denominator_rebuild_seed_for_v1_closeout,evidence_mode_gdp_source_claim;new_denominator_method_change,seed_reproduces_existing_selected_D_values_without_value_change
historical,2011Q1,annual_h1_100bp_year,historical_actual_state::2011Q1,2011,actual_state,plus_100bp_year,100,119.12723648,15351.448,,,output_reconstruction_from_existing_final_snapshot_not_external_gdp,marginal_denominator_rebuild_seed_for_v1_closeout,evidence_mode_gdp_source_claim;new_denominator_method_change,seed_reproduces_existing_selected_D_values_without_value_change
historical,2011Q2,annual_h1_100bp_year,historical_actual_state::2011Q2,2011,actual_state,plus_100bp_year,100,120.72650264,15557.539,,,output_reconstruction_from_existing_final_snapshot_not_external_gdp,marginal_denominator_rebuild_seed_for_v1_closeout,evidence_mode_gdp_source_claim;new_denominator_method_change,seed_reproduces_existing_selected_D_values_without_value_change
historical,2011Q3,annual_h1_100bp_year,historical_actual_state::2011Q3,2011,actual_state,plus_100bp_year,100,121.4259968,15647.68,,,output_reconstruction_from_existing_final_snapshot_not_external_gdp,marginal_denominator_rebuild_seed_for_v1_closeout,evidence_mode_gdp_source_claim;new_denominator_method_change,seed_reproduces_existing_selected_D_values_without_value_change
historical,2011Q4,annual_h1_100bp_year,historical_actual_state::2011Q4,2011,actual_state,plus_100bp_year,100,122.93592984,15842.259,,,output_reconstruction_from_existing_final_snapshot_not_external_gdp,marginal_denominator_rebuild_seed_for_v1_closeout,evidence_mode_gdp_source_claim;new_denominator_method_change,seed_reproduces_existing_selected_D_values_without_value_change
historical,2012Q1,annual_h1_100bp_year,historical_actual_state::2012Q1,2012,actual_state,plus_100bp_year,100,124.6939268,16068.805,,,output_reconstruction_from_existing_final_snapshot_not_external_gdp,marginal_denominator_rebuild_seed_for_v1_closeout,evidence_mode_gdp_source_claim;new_denominator_method_change,seed_reproduces_existing_selected_D_values_without_value_change
historical,2012Q2,annual_h1_100bp_year,historical_actual_state::2012Q2,2012,actual_state,plus_100bp_year,100,125.7672124,16207.115,,,output_reconstruction_from_existing_final_snapshot_not_external_gdp,marginal_denominator_rebuild_seed_for_v1_closeout,evidence_mode_gdp_source_claim;new_denominator_method_change,seed_reproduces_existing_selected_D_values_without_value_change
historical,2012Q3,annual_h1_100bp_year,historical_actual_state::2012Q3,2012,actual_state,plus_100bp_year,100,126.63963816,16319.541,,,output_reconstruction_from_existing_final_snapshot_not_external_gdp,marginal_denominator_rebuild_seed_for_v1_closeout,evidence_mode_gdp_source_claim;new_denominator_method_change,seed_reproduces_existing_selected_D_values_without_value_change
historical,2012Q4,annual_h1_100bp_year,historical_actual_state::2012Q4,2012,actual_state,plus_100bp_year,100,127.42245144,16420.419,,,output_reconstruction_from_existing_final_snapshot_not_external_gdp,marginal_denominator_rebuild_seed_for_v1_closeout,evidence_mode_gdp_source_claim;new_denominator_method_change,seed_reproduces_existing_selected_D_values_without_value_change
historical,2013Q1,annual_h1_100bp_year,historical_actual_state::2013Q1,2013,actual_state,plus_100bp_year,100,129.18994664,16648.189,,,output_reconstruction_from_existing_final_snapshot_not_external_gdp,marginal_denominator_rebuild_seed_for_v1_closeout,evidence_mode_gdp_source_claim;new_denominator_method_change,seed_reproduces_existing_selected_D_values_without_value_change
historical,2013Q2,annual_h1_100bp_year,historical_actual_state::2013Q2,2013,actual_state,plus_100bp_year,100,129.81461112,16728.687,,,output_reconstruction_from_existing_final_snapshot_not_external_gdp,marginal_denominator_rebuild_seed_for_v1_closeout,evidence_mode_gdp_source_claim;new_denominator_method_change,seed_reproduces_existing_selected_D_values_without_value_change
historical,2013Q3,annual_h1_100bp_year,historical_actual_state::2013Q3,2013,actual_state,plus_100bp_year,100,131.56178288,16953.838,,,output_reconstruction_from_existing_final_snapshot_not_external_gdp,marginal_denominator_rebuild_seed_for_v1_closeout,evidence_mode_gdp_source_claim;new_denominator_method_change,seed_reproduces_existing_selected_D_values_without_value_change
historical,2013Q4,annual_h1_100bp_year,historical_actual_state::2013Q4,2013,actual_state,plus_100bp_year,100,133.41006744,17192.019,,,output_reconstruction_from_existing_final_snapshot_not_external_gdp,marginal_denominator_rebuild_seed_for_v1_closeout,evidence_mode_gdp_source_claim;new_denominator_method_change,seed_reproduces_existing_selected_D_values_without_value_change
historical,2014Q1,annual_h1_100bp_year,historical_actual_state::2014Q1,2014,actual_state,plus_100bp_year,100,133.45444688,17197.738,,,output_reconstruction_from_existing_final_snapshot_not_external_gdp,marginal_denominator_rebuild_seed_for_v1_closeout,evidence_mode_gdp_source_claim;new_denominator_method_change,seed_reproduces_existing_selected_D_values_without_value_change
historical,2014Q2,annual_h1_100bp_year,historical_actual_state::2014Q2,2014,actual_state,plus_100bp_year,100,135.94362208,17518.508,,,output_reconstruction_from_existing_final_snapshot_not_external_gdp,marginal_denominator_rebuild_seed_for_v1_closeout,evidence_mode_gdp_source_claim;new_denominator_method_change,seed_reproduces_existing_selected_D_values_without_value_change
historical,2014Q3,annual_h1_100bp_year,historical_actual_state::2014Q3,2014,actual_state,plus_100bp_year,100,138.16080928,17804.228,,,output_reconstruction_from_existing_final_snapshot_not_external_gdp,marginal_denominator_rebuild_seed_for_v1_closeout,evidence_mode_gdp_source_claim;new_denominator_method_change,seed_reproduces_existing_selected_D_values_without_value_change
historical,2014Q4,annual_h1_100bp_year,historical_actual_state::2014Q4,2014,actual_state,plus_100bp_year,100,138.99773304,17912.079,,,output_reconstruction_from_existing_final_snapshot_not_external_gdp,marginal_denominator_rebuild_seed_for_v1_closeout,evidence_mode_gdp_source_claim;new_denominator_method_change,seed_reproduces_existing_selected_D_values_without_value_change
historical,2015Q1,annual_h1_100bp_year,historical_actual_state::2015Q1,2015,actual_state,plus_100bp_year,100,140.17298504,18063.529,,,output_reconstruction_from_existing_final_snapshot_not_external_gdp,marginal_denominator_rebuild_seed_for_v1_closeout,evidence_mode_gdp_source_claim;new_denominator_method_change,seed_reproduces_existing_selected_D_values_without_value_change
historical,2015Q2,annual_h1_100bp_year,historical_actual_state::2015Q2,2015,actual_state,plus_100bp_year,100,141.85112384,18279.784,,,output_reconstruction_from_existing_final_snapshot_not_external_gdp,marginal_denominator_rebuild_seed_for_v1_closeout,evidence_mode_gdp_source_claim;new_denominator_method_change,seed_reproduces_existing_selected_D_values_without_value_change
historical,2015Q3,annual_h1_100bp_year,historical_actual_state::2015Q3,2015,actual_state,plus_100bp_year,100,142.79661776,18401.626,,,output_reconstruction_from_existing_final_snapshot_not_external_gdp,marginal_denominator_rebuild_seed_for_v1_closeout,evidence_mode_gdp_source_claim;new_denominator_method_change,seed_reproduces_existing_selected_D_values_without_value_change
historical,2015Q4,annual_h1_100bp_year,historical_actual_state::2015Q4,2015,actual_state,plus_100bp_year,100,143.05666312,18435.137,,,output_reconstruction_from_existing_final_snapshot_not_external_gdp,marginal_denominator_rebuild_seed_for_v1_closeout,evidence_mode_gdp_source_claim;new_denominator_method_change,seed_reproduces_existing_selected_D_values_without_value_change
historical,2016Q1,annual_h1_100bp_year,historical_actual_state::2016Q1,2016,actual_state,plus_100bp_year,100,143.76124008,18525.933,,,output_reconstruction_from_existing_final_snapshot_not_external_gdp,marginal_denominator_rebuild_seed_for_v1_closeout,evidence_mode_gdp_source_claim;new_denominator_method_change,seed_reproduces_existing_selected_D_values_without_value_change
historical,2016Q2,annual_h1_100bp_year,historical_actual_state::2016Q2,2016,actual_state,plus_100bp_year,100,145.20280752,18711.702,,,output_reconstruction_from_existing_final_snapshot_not_external_gdp,marginal_denominator_rebuild_seed_for_v1_closeout,evidence_mode_gdp_source_claim;new_denominator_method_change,seed_reproduces_existing_selected_D_values_without_value_change
historical,2016Q3,annual_h1_100bp_year,historical_actual_state::2016Q3,2016,actual_state,plus_100bp_year,100,146.60687864,18892.639,,,output_reconstruction_from_existing_final_snapshot_not_external_gdp,marginal_denominator_rebuild_seed_for_v1_closeout,evidence_mode_gdp_source_claim;new_denominator_method_change,seed_reproduces_existing_selected_D_values_without_value_change
historical,2016Q4,annual_h1_100bp_year,historical_actual_state::2016Q4,2016,actual_state,plus_100bp_year,100,148.13358104,19089.379,,,output_reconstruction_from_existing_final_snapshot_not_external_gdp,marginal_denominator_rebuild_seed_for_v1_closeout,evidence_mode_gdp_source_claim;new_denominator_method_change,seed_reproduces_existing_selected_D_values_without_value_change
historical,2017Q1,annual_h1_100bp_year,historical_actual_state::2017Q1,2017,actual_state,plus_100bp_year,100,149.61345184,19280.084,,,output_reconstruction_from_existing_final_snapshot_not_external_gdp,marginal_denominator_rebuild_seed_for_v1_closeout,evidence_mode_gdp_source_claim;new_denominator_method_change,seed_reproduces_existing_selected_D_values_without_value_change
historical,2017Q2,annual_h1_100bp_year,historical_actual_state::2017Q2,2017,actual_state,plus_100bp_year,100,150.84386968,19438.643,,,output_reconstruction_from_existing_final_snapshot_not_external_gdp,marginal_denominator_rebuild_seed_for_v1_closeout,evidence_mode_gdp_source_claim;new_denominator_method_change,seed_reproduces_existing_selected_D_values_without_value_change
historical,2017Q3,annual_h1_100bp_year,historical_actual_state::2017Q3,2017,actual_state,plus_100bp_year,100,152.8145372,19692.595,,,output_reconstruction_from_existing_final_snapshot_not_external_gdp,marginal_denominator_rebuild_seed_for_v1_closeout,evidence_mode_gdp_source_claim;new_denominator_method_change,seed_reproduces_existing_selected_D_values_without_value_change
historical,2017Q4,annual_h1_100bp_year,historical_actual_state::2017Q4,2017,actual_state,plus_100bp_year,100,155.48780288,20037.088,,,output_reconstruction_from_existing_final_snapshot_not_external_gdp,marginal_denominator_rebuild_seed_for_v1_closeout,evidence_mode_gdp_source_claim;new_denominator_method_change,seed_reproduces_existing_selected_D_values_without_value_change
historical,2018Q1,annual_h1_100bp_year,historical_actual_state::2018Q1,2018,actual_state,plus_100bp_year,100,157.74957128,20328.553,,,output_reconstruction_from_existing_final_snapshot_not_external_gdp,marginal_denominator_rebuild_seed_for_v1_closeout,evidence_mode_gdp_source_claim;new_denominator_method_change,seed_reproduces_existing_selected_D_values_without_value_change
historical,2018Q2,annual_h1_100bp_year,historical_actual_state::2018Q2,2018,actual_state,plus_100bp_year,100,159.70787712,20580.912,,,output_reconstruction_from_existing_final_snapshot_not_external_gdp,marginal_denominator_rebuild_seed_for_v1_closeout,evidence_mode_gdp_source_claim;new_denominator_method_change,seed_reproduces_existing_selected_D_values_without_value_change
historical,2018Q3,annual_h1_100bp_year,historical_actual_state::2018Q3,2018,actual_state,plus_100bp_year,100,161.3981448,20798.73,,,output_reconstruction_from_existing_final_snapshot_not_external_gdp,marginal_denominator_rebuild_seed_for_v1_closeout,evidence_mode_gdp_source_claim;new_denominator_method_change,seed_reproduces_existing_selected_D_values_without_value_change
historical,2018Q4,annual_h1_100bp_year,historical_actual_state::2018Q4,2018,actual_state,plus_100bp_year,100,162.32264792,20917.867,,,output_reconstruction_from_existing_final_snapshot_not_external_gdp,marginal_denominator_rebuild_seed_for_v1_closeout,evidence_mode_gdp_source_claim;new_denominator_method_change,seed_reproduces_existing_selected_D_values_without_value_change
historical,2019Q1,annual_h1_100bp_year,historical_actual_state::2019Q1,2019,actual_state,plus_100bp_year,100,163.826016,21111.6,,,output_reconstruction_from_existing_final_snapshot_not_external_gdp,marginal_denominator_rebuild_seed_for_v1_closeout,evidence_mode_gdp_source_claim;new_denominator_method_change,seed_reproduces_existing_selected_D_values_without_value_change
historical,2019Q2,annual_h1_100bp_year,historical_actual_state::2019Q2,2019,actual_state,plus_100bp_year,100,166.04799888,21397.938,,,output_reconstruction_from_existing_final_snapshot_not_external_gdp,marginal_denominator_rebuild_seed_for_v1_closeout,evidence_mode_gdp_source_claim;new_denominator_method_change,seed_reproduces_existing_selected_D_values_without_value_change
historical,2019Q3,annual_h1_100bp_year,historical_actual_state::2019Q3,2019,actual_state,plus_100bp_year,100,168.52524696,21717.171,,,output_reconstruction_from_existing_final_snapshot_not_external_gdp,marginal_denominator_rebuild_seed_for_v1_closeout,evidence_mode_gdp_source_claim;new_denominator_method_change,seed_reproduces_existing_selected_D_values_without_value_change
historical,2019Q4,annual_h1_100bp_year,historical_actual_state::2019Q4,2019,actual_state,plus_100bp_year,100,170.20176392,21933.217,,,output_reconstruction_from_existing_final_snapshot_not_external_gdp,marginal_denominator_rebuild_seed_for_v1_closeout,evidence_mode_gdp_source_claim;new_denominator_method_change,seed_reproduces_existing_selected_D_values_without_value_change
historical,2020Q1,annual_h1_100bp_year,historical_actual_state::2020Q1,2020,actual_state,plus_100bp_year,100,168.78960688,21751.238,,,output_reconstruction_from_existing_final_snapshot_not_external_gdp,marginal_denominator_rebuild_seed_for_v1_closeout,evidence_mode_gdp_source_claim;new_denominator_method_change,seed_reproduces_existing_selected_D_values_without_value_change
historical,2020Q2,annual_h1_100bp_year,historical_actual_state::2020Q2,2020,actual_state,plus_100bp_year,100,154.87633816,19958.291,,,output_reconstruction_from_existing_final_snapshot_not_external_gdp,marginal_denominator_rebuild_seed_for_v1_closeout,evidence_mode_gdp_source_claim;new_denominator_method_change,seed_reproduces_existing_selected_D_values_without_value_change
historical,2020Q3,annual_h1_100bp_year,historical_actual_state::2020Q3,2020,actual_state,plus_100bp_year,100,168.42643112,21704.437,,,output_reconstruction_from_existing_final_snapshot_not_external_gdp,marginal_denominator_rebuild_seed_for_v1_closeout,evidence_mode_gdp_source_claim;new_denominator_method_change,seed_reproduces_existing_selected_D_values_without_value_change
historical,2020Q4,annual_h1_100bp_year,historical_actual_state::2020Q4,2020,actual_state,plus_100bp_year,100,171.3963616,22087.16,,,output_reconstruction_from_existing_final_snapshot_not_external_gdp,marginal_denominator_rebuild_seed_for_v1_closeout,evidence_mode_gdp_source_claim;new_denominator_method_change,seed_reproduces_existing_selected_D_values_without_value_change
historical,2021Q1,annual_h1_100bp_year,historical_actual_state::2021Q1,2021,actual_state,plus_100bp_year,100,176.00217768,22680.693,,,output_reconstruction_from_existing_final_snapshot_not_external_gdp,marginal_denominator_rebuild_seed_for_v1_closeout,evidence_mode_gdp_source_claim;new_denominator_method_change,seed_reproduces_existing_selected_D_values_without_value_change
historical,2021Q2,annual_h1_100bp_year,historical_actual_state::2021Q2,2021,actual_state,plus_100bp_year,100,181.7850616,23425.91,,,output_reconstruction_from_existing_final_snapshot_not_external_gdp,marginal_denominator_rebuild_seed_for_v1_closeout,evidence_mode_gdp_source_claim;new_denominator_method_change,seed_reproduces_existing_selected_D_values_without_value_change
historical,2021Q3,annual_h1_100bp_year,historical_actual_state::2021Q3,2021,actual_state,plus_100bp_year,100,186.10326104,23982.379,,,output_reconstruction_from_existing_final_snapshot_not_external_gdp,marginal_denominator_rebuild_seed_for_v1_closeout,evidence_mode_gdp_source_claim;new_denominator_method_change,seed_reproduces_existing_selected_D_values_without_value_change
current,2026,annual_h1_100bp_year,current_state::2026,2026,current_state,plus_100bp_year,100,247.55956656,31902.006,,,output_reconstruction_from_existing_final_snapshot_not_external_gdp,marginal_denominator_rebuild_seed_for_v1_closeout,evidence_mode_gdp_source_claim;new_denominator_method_change,seed_reproduces_existing_selected_D_values_without_value_change
forecast,2027,annual_h1_100bp_year,cbo_baseline_state::2027,2027,cbo_baseline_state,plus_100bp_year,100,258.52585112,33315.187,,,output_reconstruction_from_existing_final_snapshot_not_external_gdp,marginal_denominator_rebuild_seed_for_v1_closeout,evidence_mode_gdp_source_claim;new_denominator_method_change,seed_reproduces_existing_selected_D_values_without_value_change
forecast,2028,annual_h1_100bp_year,cbo_baseline_state::2028,2028,cbo_baseline_state,plus_100bp_year,100,269.0064916,34665.785,,,output_reconstruction_from_existing_final_snapshot_not_external_gdp,marginal_denominator_rebuild_seed_for_v1_closeout,evidence_mode_gdp_source_claim;new_denominator_method_change,seed_reproduces_existing_selected_D_values_without_value_change
forecast,2029,annual_h1_100bp_year,cbo_baseline_state::2029,2029,cbo_baseline_state,plus_100bp_year,100,279.43798024,36010.049,,,output_reconstruction_from_existing_final_snapshot_not_external_gdp,marginal_denominator_rebuild_seed_for_v1_closeout,evidence_mode_gdp_source_claim;new_denominator_method_change,seed_reproduces_existing_selected_D_values_without_value_change
forecast,2030,annual_h1_100bp_year,cbo_baseline_state::2030,2030,cbo_baseline_state,plus_100bp_year,100,290.15162248,37390.673,,,output_reconstruction_from_existing_final_snapshot_not_external_gdp,marginal_denominator_rebuild_seed_for_v1_closeout,evidence_mode_gdp_source_claim;new_denominator_method_change,seed_reproduces_existing_selected_D_values_without_value_change
forecast,2031,annual_h1_100bp_year,cbo_baseline_state::2031,2031,cbo_baseline_state,plus_100bp_year,100,301.18749096,38812.821,,,output_reconstruction_from_existing_final_snapshot_not_external_gdp,marginal_denominator_rebuild_seed_for_v1_closeout,evidence_mode_gdp_source_claim;new_denominator_method_change,seed_reproduces_existing_selected_D_values_without_value_change
forecast,2032,annual_h1_100bp_year,cbo_baseline_state::2032,2032,cbo_baseline_state,plus_100bp_year,100,312.54584952,40276.527,,,output_reconstruction_from_existing_final_snapshot_not_external_gdp,marginal_denominator_rebuild_seed_for_v1_closeout,evidence_mode_gdp_source_claim;new_denominator_method_change,seed_reproduces_existing_selected_D_values_without_value_change
forecast,2033,annual_h1_100bp_year,cbo_baseline_state::2033,2033,cbo_baseline_state,plus_100bp_year,100,324.3364168,41795.93,,,output_reconstruction_from_existing_final_snapshot_not_external_gdp,marginal_denominator_rebuild_seed_for_v1_closeout,evidence_mode_gdp_source_claim;new_denominator_method_change,seed_reproduces_existing_selected_D_values_without_value_change
forecast,2034,annual_h1_100bp_year,cbo_baseline_state::2034,2034,cbo_baseline_state,plus_100bp_year,100,336.57698648,43373.323,,,output_reconstruction_from_existing_final_snapshot_not_external_gdp,marginal_denominator_rebuild_seed_for_v1_closeout,evidence_mode_gdp_source_claim;new_denominator_method_change,seed_reproduces_existing_selected_D_values_without_value_change
forecast,2035,annual_h1_100bp_year,cbo_baseline_state::2035,2035,cbo_baseline_state,plus_100bp_year,100,349.28924,45011.5,,,output_reconstruction_from_existing_final_snapshot_not_external_gdp,marginal_denominator_rebuild_seed_for_v1_closeout,evidence_mode_gdp_source_claim;new_denominator_method_change,seed_reproduces_existing_selected_D_values_without_value_change
forecast,2036,annual_h1_100bp_year,cbo_baseline_state::2036,2036,cbo_baseline_state,plus_100bp_year,100,362.48622192,46712.142,,,output_reconstruction_from_existing_final_snapshot_not_external_gdp,marginal_denominator_rebuild_seed_for_v1_closeout,evidence_mode_gdp_source_claim;new_denominator_method_change,seed_reproduces_existing_selected_D_values_without_value_change
