layer,metric,start_or_baseline,episode_peak_or_trough,realized_change_pct_or_bp,realized_avg_pct_per_100bp,naive_linear_extrapolation_note,source_id
housing_quantity,PMMS 30-year fixed mortgage rate,2022-01-06 3.22%,2023-10-26 7.79%,+457bp,n/a,Shock size = 4.57 × the +100bp pack coefficient. A constant semielasticity of -7.37% per 100bp would reproduce 2024 existing-sales annual decline.,freddie_pmms_archive;cfpb_mortgage_rates_2024
housing_quantity,"Existing-home sales, annual units",2021 6.12m (inferred from 2022 5.03m down 17.8%),2024 4.06m,-33.7%,-7.37,"Observed annual decline is close to 4.57× a -7.4%/100bp average, but realized path saturates around ~4m sales; do not keep applying marginal drag after lock-in floor.",nar_existing_sales_2024_reuters_on_nar;nar_existing_sales_2023_ap_on_nar;nmp_nar_existing_sales_2022;freddie_pmms_archive
housing_quantity,"New-home sales, monthly SAAR",2021-01 899k,2022-07 535k,-40.5%,-8.86,"Trough is consistent with a large average semi-elasticity, but annual new-sales recovery to 686k in 2024 shows builder/state offsets; use diagnostic trough only unless builder-incentive gate exists.",census_nrs_new_sales_xlsx;freddie_pmms_archive
housing_quantity,"Total housing starts, monthly SAAR",2022-04 1.807m,2024-07 1.269m,-29.8%,-6.51,Observed monthly trough implies about -6.5%/100bp on average; annual starts decline was smaller because starts recovered and composition shifted.,census_nrc_starts_xlsx;nahb_starts_2024;freddie_pmms_archive
housing_quantity,"Single-family housing starts, monthly SAAR",2021-11 1.214m,2022-11 0.791m,-34.8%,-7.62,Single-family starts are closer to existing-sales sensitivity. High-shock marginal response then falls as starts stabilize/recover.,census_nrc_starts_xlsx;nahb_starts_2024;freddie_pmms_archive
housing_quantity,Lock-in evidence,Fixed-rate borrower coupon stock below market rates,2022Q2-2024Q2 lost-sales estimate 1.72m,sale probability -18.1% per 1pp market-origination gap,n/a,"Lock-in is not a constant linear semi-elasticity; once low-coupon owners are locked, the remaining market is forced/lifecycle movers and new listings.",fhfa_lockin_blog_2024;fhfa_lockin_wp_page_2024
user_cost_investment,"Real nonresidential structures investment, annual growth",2022 +3.5%,2023 +16.7%; 2024 +1.1%,positive growth during high-rate episode,not meaningful,Contradicts a simple large-shock negative user-cost extrapolation; sectoral policy/backlog/cashflow state required.,fred_nonres_structures_annual;richmondfed_private_fixed_investment_2024;fred_dfii10
wealth_mpcs,Household net worth 2022 drawdown,2022-Q2 $143.7T,2022-Q3 $143.3T; third quarterly decline,-$0.4T in Q3 after prior declines,not meaningful,Observed consumption path does not identify stable MPC; asset mix and distribution dominate; literature estimates range from near-zero post-GFC to multi-cent housing effects in older work.,reuters_household_wealth_2022;fed_housing_wealth_consumption_iacoviello;jpmci_housing_wealth_effect
fx_net_exports,Nominal broad dollar index and annual trade deficit,Jan. 2022 index 115.0373; 2021 goods/services deficit $845.0B,Oct. 2022 index 127.4806; 2022 deficit $948.1B,Dollar +10.8%; deficit +$103.0B (+12.2%),not meaningful,A stronger dollar did not map cleanly into improved NX in annual data; exports and imports both rose sharply.,fed_h10_nominal_broad_dollar_monthly;bea_trade_annual_2022;bls_currency_appreciation_2022
