parameter_id,cell_or_sector,instrument_family,low,base,high,units,source_id,input_basis_label,rationale
bond_mtm_year1_D_contribution,hh_constrained_net_borrower,treasuries_direct|duration_bucket=0-2y,0.000121,0.003262,0.030808,$bn_year1_D,BOND_HOLDINGS_DURATION_BUCKET;BOND_PRICE_PACK;BOND_CELL_MAPPING;BOND_MTM_RELEVANCE;BOND_WEALTH_MPC,computed_from_pack_rows,Year-1 contribution equals holding stock × positive MTM loss × MTM relevance × cell share × bond-wealth MPC.
bond_mtm_year1_D_contribution,hh_middle_owner_illiquid,treasuries_direct|duration_bucket=0-2y,0.000421,0.009787,0.080872,$bn_year1_D,BOND_HOLDINGS_DURATION_BUCKET;BOND_PRICE_PACK;BOND_CELL_MAPPING;BOND_MTM_RELEVANCE;BOND_WEALTH_MPC,computed_from_pack_rows,Year-1 contribution equals holding stock × positive MTM loss × MTM relevance × cell share × bond-wealth MPC.
bond_mtm_year1_D_contribution,hh_retiree_fixed_income_saver,treasuries_direct|duration_bucket=0-2y,0.000775,0.019085,0.191319,$bn_year1_D,BOND_HOLDINGS_DURATION_BUCKET;BOND_PRICE_PACK;BOND_CELL_MAPPING;BOND_MTM_RELEVANCE;BOND_WEALTH_MPC,computed_from_pack_rows,Year-1 contribution equals holding stock × positive MTM loss × MTM relevance × cell share × bond-wealth MPC.
bond_mtm_year1_D_contribution,hh_unconstrained_saver,treasuries_direct|duration_bucket=0-2y,0.000448,0.009787,0.060261,$bn_year1_D,BOND_HOLDINGS_DURATION_BUCKET;BOND_PRICE_PACK;BOND_CELL_MAPPING;BOND_MTM_RELEVANCE;BOND_WEALTH_MPC,computed_from_pack_rows,Year-1 contribution equals holding stock × positive MTM loss × MTM relevance × cell share × bond-wealth MPC.
bond_mtm_year1_D_contribution,hh_constrained_net_borrower,treasuries_direct|duration_bucket=2-5y,8.7e-05,0.002549,0.023623,$bn_year1_D,BOND_HOLDINGS_DURATION_BUCKET;BOND_PRICE_PACK;BOND_CELL_MAPPING;BOND_MTM_RELEVANCE;BOND_WEALTH_MPC,computed_from_pack_rows,Year-1 contribution equals holding stock × positive MTM loss × MTM relevance × cell share × bond-wealth MPC.
bond_mtm_year1_D_contribution,hh_middle_owner_illiquid,treasuries_direct|duration_bucket=2-5y,0.00034,0.008667,0.070278,$bn_year1_D,BOND_HOLDINGS_DURATION_BUCKET;BOND_PRICE_PACK;BOND_CELL_MAPPING;BOND_MTM_RELEVANCE;BOND_WEALTH_MPC,computed_from_pack_rows,Year-1 contribution equals holding stock × positive MTM loss × MTM relevance × cell share × bond-wealth MPC.
bond_mtm_year1_D_contribution,hh_retiree_fixed_income_saver,treasuries_direct|duration_bucket=2-5y,0.000817,0.022092,0.217331,$bn_year1_D,BOND_HOLDINGS_DURATION_BUCKET;BOND_PRICE_PACK;BOND_CELL_MAPPING;BOND_MTM_RELEVANCE;BOND_WEALTH_MPC,computed_from_pack_rows,Year-1 contribution equals holding stock × positive MTM loss × MTM relevance × cell share × bond-wealth MPC.
bond_mtm_year1_D_contribution,hh_unconstrained_saver,treasuries_direct|duration_bucket=2-5y,0.000428,0.010196,0.061231,$bn_year1_D,BOND_HOLDINGS_DURATION_BUCKET;BOND_PRICE_PACK;BOND_CELL_MAPPING;BOND_MTM_RELEVANCE;BOND_WEALTH_MPC,computed_from_pack_rows,Year-1 contribution equals holding stock × positive MTM loss × MTM relevance × cell share × bond-wealth MPC.
bond_mtm_year1_D_contribution,hh_constrained_net_borrower,treasuries_direct|duration_bucket=5-10y,4.1e-05,0.001928,0.020597,$bn_year1_D,BOND_HOLDINGS_DURATION_BUCKET;BOND_PRICE_PACK;BOND_CELL_MAPPING;BOND_MTM_RELEVANCE;BOND_WEALTH_MPC,computed_from_pack_rows,Year-1 contribution equals holding stock × positive MTM loss × MTM relevance × cell share × bond-wealth MPC.
bond_mtm_year1_D_contribution,hh_middle_owner_illiquid,treasuries_direct|duration_bucket=5-10y,0.000214,0.008677,0.081099,$bn_year1_D,BOND_HOLDINGS_DURATION_BUCKET;BOND_PRICE_PACK;BOND_CELL_MAPPING;BOND_MTM_RELEVANCE;BOND_WEALTH_MPC,computed_from_pack_rows,Year-1 contribution equals holding stock × positive MTM loss × MTM relevance × cell share × bond-wealth MPC.
bond_mtm_year1_D_contribution,hh_retiree_fixed_income_saver,treasuries_direct|duration_bucket=5-10y,0.000613,0.026321,0.298444,$bn_year1_D,BOND_HOLDINGS_DURATION_BUCKET;BOND_PRICE_PACK;BOND_CELL_MAPPING;BOND_MTM_RELEVANCE;BOND_WEALTH_MPC,computed_from_pack_rows,Year-1 contribution equals holding stock × positive MTM loss × MTM relevance × cell share × bond-wealth MPC.
bond_mtm_year1_D_contribution,hh_unconstrained_saver,treasuries_direct|duration_bucket=5-10y,0.000312,0.011859,0.082675,$bn_year1_D,BOND_HOLDINGS_DURATION_BUCKET;BOND_PRICE_PACK;BOND_CELL_MAPPING;BOND_MTM_RELEVANCE;BOND_WEALTH_MPC,computed_from_pack_rows,Year-1 contribution equals holding stock × positive MTM loss × MTM relevance × cell share × bond-wealth MPC.
bond_mtm_year1_D_contribution,hh_constrained_net_borrower,treasuries_direct|duration_bucket=10y+,0.0,0.001503,0.020436,$bn_year1_D,BOND_HOLDINGS_DURATION_BUCKET;BOND_PRICE_PACK;BOND_CELL_MAPPING;BOND_MTM_RELEVANCE;BOND_WEALTH_MPC,computed_from_pack_rows,Year-1 contribution equals holding stock × positive MTM loss × MTM relevance × cell share × bond-wealth MPC.
bond_mtm_year1_D_contribution,hh_middle_owner_illiquid,treasuries_direct|duration_bucket=10y+,0.0,0.00541,0.064375,$bn_year1_D,BOND_HOLDINGS_DURATION_BUCKET;BOND_PRICE_PACK;BOND_CELL_MAPPING;BOND_MTM_RELEVANCE;BOND_WEALTH_MPC,computed_from_pack_rows,Year-1 contribution equals holding stock × positive MTM loss × MTM relevance × cell share × bond-wealth MPC.
bond_mtm_year1_D_contribution,hh_retiree_fixed_income_saver,treasuries_direct|duration_bucket=10y+,0.0,0.021002,0.303174,$bn_year1_D,BOND_HOLDINGS_DURATION_BUCKET;BOND_PRICE_PACK;BOND_CELL_MAPPING;BOND_MTM_RELEVANCE;BOND_WEALTH_MPC,computed_from_pack_rows,Year-1 contribution equals holding stock × positive MTM loss × MTM relevance × cell share × bond-wealth MPC.
bond_mtm_year1_D_contribution,hh_unconstrained_saver,treasuries_direct|duration_bucket=10y+,0.0,0.009693,0.086936,$bn_year1_D,BOND_HOLDINGS_DURATION_BUCKET;BOND_PRICE_PACK;BOND_CELL_MAPPING;BOND_MTM_RELEVANCE;BOND_WEALTH_MPC,computed_from_pack_rows,Year-1 contribution equals holding stock × positive MTM loss × MTM relevance × cell share × bond-wealth MPC.
bond_mtm_year1_D_contribution,hh_constrained_net_borrower,corporate_direct|duration_bucket=0-2y,0.0,1.2e-05,0.000145,$bn_year1_D,BOND_HOLDINGS_DURATION_BUCKET;BOND_PRICE_PACK;BOND_CELL_MAPPING;BOND_MTM_RELEVANCE;BOND_WEALTH_MPC,computed_from_pack_rows,Year-1 contribution equals holding stock × positive MTM loss × MTM relevance × cell share × bond-wealth MPC.
bond_mtm_year1_D_contribution,hh_middle_owner_illiquid,corporate_direct|duration_bucket=0-2y,2e-06,5.9e-05,0.000608,$bn_year1_D,BOND_HOLDINGS_DURATION_BUCKET;BOND_PRICE_PACK;BOND_CELL_MAPPING;BOND_MTM_RELEVANCE;BOND_WEALTH_MPC,computed_from_pack_rows,Year-1 contribution equals holding stock × positive MTM loss × MTM relevance × cell share × bond-wealth MPC.
bond_mtm_year1_D_contribution,hh_retiree_fixed_income_saver,corporate_direct|duration_bucket=0-2y,4e-06,0.000121,0.001499,$bn_year1_D,BOND_HOLDINGS_DURATION_BUCKET;BOND_PRICE_PACK;BOND_CELL_MAPPING;BOND_MTM_RELEVANCE;BOND_WEALTH_MPC,computed_from_pack_rows,Year-1 contribution equals holding stock × positive MTM loss × MTM relevance × cell share × bond-wealth MPC.
bond_mtm_year1_D_contribution,hh_unconstrained_saver,corporate_direct|duration_bucket=0-2y,3e-06,9.6e-05,0.000803,$bn_year1_D,BOND_HOLDINGS_DURATION_BUCKET;BOND_PRICE_PACK;BOND_CELL_MAPPING;BOND_MTM_RELEVANCE;BOND_WEALTH_MPC,computed_from_pack_rows,Year-1 contribution equals holding stock × positive MTM loss × MTM relevance × cell share × bond-wealth MPC.
bond_mtm_year1_D_contribution,hh_constrained_net_borrower,corporate_direct|duration_bucket=2-5y,2e-06,8.1e-05,0.000919,$bn_year1_D,BOND_HOLDINGS_DURATION_BUCKET;BOND_PRICE_PACK;BOND_CELL_MAPPING;BOND_MTM_RELEVANCE;BOND_WEALTH_MPC,computed_from_pack_rows,Year-1 contribution equals holding stock × positive MTM loss × MTM relevance × cell share × bond-wealth MPC.
bond_mtm_year1_D_contribution,hh_middle_owner_illiquid,corporate_direct|duration_bucket=2-5y,1e-05,0.00034,0.003376,$bn_year1_D,BOND_HOLDINGS_DURATION_BUCKET;BOND_PRICE_PACK;BOND_CELL_MAPPING;BOND_MTM_RELEVANCE;BOND_WEALTH_MPC,computed_from_pack_rows,Year-1 contribution equals holding stock × positive MTM loss × MTM relevance × cell share × bond-wealth MPC.
bond_mtm_year1_D_contribution,hh_retiree_fixed_income_saver,corporate_direct|duration_bucket=2-5y,2.3e-05,0.000842,0.010141,$bn_year1_D,BOND_HOLDINGS_DURATION_BUCKET;BOND_PRICE_PACK;BOND_CELL_MAPPING;BOND_MTM_RELEVANCE;BOND_WEALTH_MPC,computed_from_pack_rows,Year-1 contribution equals holding stock × positive MTM loss × MTM relevance × cell share × bond-wealth MPC.
bond_mtm_year1_D_contribution,hh_unconstrained_saver,corporate_direct|duration_bucket=2-5y,1.8e-05,0.000631,0.005071,$bn_year1_D,BOND_HOLDINGS_DURATION_BUCKET;BOND_PRICE_PACK;BOND_CELL_MAPPING;BOND_MTM_RELEVANCE;BOND_WEALTH_MPC,computed_from_pack_rows,Year-1 contribution equals holding stock × positive MTM loss × MTM relevance × cell share × bond-wealth MPC.
bond_mtm_year1_D_contribution,hh_constrained_net_borrower,corporate_direct|duration_bucket=5-10y,1e-06,9.1e-05,0.001113,$bn_year1_D,BOND_HOLDINGS_DURATION_BUCKET;BOND_PRICE_PACK;BOND_CELL_MAPPING;BOND_MTM_RELEVANCE;BOND_WEALTH_MPC,computed_from_pack_rows,Year-1 contribution equals holding stock × positive MTM loss × MTM relevance × cell share × bond-wealth MPC.
bond_mtm_year1_D_contribution,hh_middle_owner_illiquid,corporate_direct|duration_bucket=5-10y,7e-06,0.000476,0.005066,$bn_year1_D,BOND_HOLDINGS_DURATION_BUCKET;BOND_PRICE_PACK;BOND_CELL_MAPPING;BOND_MTM_RELEVANCE;BOND_WEALTH_MPC,computed_from_pack_rows,Year-1 contribution equals holding stock × positive MTM loss × MTM relevance × cell share × bond-wealth MPC.
bond_mtm_year1_D_contribution,hh_retiree_fixed_income_saver,corporate_direct|duration_bucket=5-10y,1.7e-05,0.001328,0.017157,$bn_year1_D,BOND_HOLDINGS_DURATION_BUCKET;BOND_PRICE_PACK;BOND_CELL_MAPPING;BOND_MTM_RELEVANCE;BOND_WEALTH_MPC,computed_from_pack_rows,Year-1 contribution equals holding stock × positive MTM loss × MTM relevance × cell share × bond-wealth MPC.
bond_mtm_year1_D_contribution,hh_unconstrained_saver,corporate_direct|duration_bucket=5-10y,1.3e-05,0.000951,0.008186,$bn_year1_D,BOND_HOLDINGS_DURATION_BUCKET;BOND_PRICE_PACK;BOND_CELL_MAPPING;BOND_MTM_RELEVANCE;BOND_WEALTH_MPC,computed_from_pack_rows,Year-1 contribution equals holding stock × positive MTM loss × MTM relevance × cell share × bond-wealth MPC.
bond_mtm_year1_D_contribution,hh_constrained_net_borrower,corporate_direct|duration_bucket=10y+,0.0,6.7e-05,0.00094,$bn_year1_D,BOND_HOLDINGS_DURATION_BUCKET;BOND_PRICE_PACK;BOND_CELL_MAPPING;BOND_MTM_RELEVANCE;BOND_WEALTH_MPC,computed_from_pack_rows,Year-1 contribution equals holding stock × positive MTM loss × MTM relevance × cell share × bond-wealth MPC.
bond_mtm_year1_D_contribution,hh_middle_owner_illiquid,corporate_direct|duration_bucket=10y+,0.0,0.000324,0.003946,$bn_year1_D,BOND_HOLDINGS_DURATION_BUCKET;BOND_PRICE_PACK;BOND_CELL_MAPPING;BOND_MTM_RELEVANCE;BOND_WEALTH_MPC,computed_from_pack_rows,Year-1 contribution equals holding stock × positive MTM loss × MTM relevance × cell share × bond-wealth MPC.
bond_mtm_year1_D_contribution,hh_retiree_fixed_income_saver,corporate_direct|duration_bucket=10y+,0.0,0.001023,0.015126,$bn_year1_D,BOND_HOLDINGS_DURATION_BUCKET;BOND_PRICE_PACK;BOND_CELL_MAPPING;BOND_MTM_RELEVANCE;BOND_WEALTH_MPC,computed_from_pack_rows,Year-1 contribution equals holding stock × positive MTM loss × MTM relevance × cell share × bond-wealth MPC.
bond_mtm_year1_D_contribution,hh_unconstrained_saver,corporate_direct|duration_bucket=10y+,0.0,0.000695,0.006806,$bn_year1_D,BOND_HOLDINGS_DURATION_BUCKET;BOND_PRICE_PACK;BOND_CELL_MAPPING;BOND_MTM_RELEVANCE;BOND_WEALTH_MPC,computed_from_pack_rows,Year-1 contribution equals holding stock × positive MTM loss × MTM relevance × cell share × bond-wealth MPC.
bond_mtm_year1_D_contribution,hh_constrained_net_borrower,muni_direct|duration_bucket=0-2y,7e-06,0.000177,0.002176,$bn_year1_D,BOND_HOLDINGS_DURATION_BUCKET;BOND_PRICE_PACK;BOND_CELL_MAPPING;BOND_MTM_RELEVANCE;BOND_WEALTH_MPC,computed_from_pack_rows,Year-1 contribution equals holding stock × positive MTM loss × MTM relevance × cell share × bond-wealth MPC.
bond_mtm_year1_D_contribution,hh_middle_owner_illiquid,muni_direct|duration_bucket=0-2y,3e-05,0.000639,0.006855,$bn_year1_D,BOND_HOLDINGS_DURATION_BUCKET;BOND_PRICE_PACK;BOND_CELL_MAPPING;BOND_MTM_RELEVANCE;BOND_WEALTH_MPC,computed_from_pack_rows,Year-1 contribution equals holding stock × positive MTM loss × MTM relevance × cell share × bond-wealth MPC.
bond_mtm_year1_D_contribution,hh_retiree_fixed_income_saver,muni_direct|duration_bucket=0-2y,9.7e-05,0.002192,0.02853,$bn_year1_D,BOND_HOLDINGS_DURATION_BUCKET;BOND_PRICE_PACK;BOND_CELL_MAPPING;BOND_MTM_RELEVANCE;BOND_WEALTH_MPC,computed_from_pack_rows,Year-1 contribution equals holding stock × positive MTM loss × MTM relevance × cell share × bond-wealth MPC.
bond_mtm_year1_D_contribution,hh_unconstrained_saver,muni_direct|duration_bucket=0-2y,6.2e-05,0.001278,0.010759,$bn_year1_D,BOND_HOLDINGS_DURATION_BUCKET;BOND_PRICE_PACK;BOND_CELL_MAPPING;BOND_MTM_RELEVANCE;BOND_WEALTH_MPC,computed_from_pack_rows,Year-1 contribution equals holding stock × positive MTM loss × MTM relevance × cell share × bond-wealth MPC.
bond_mtm_year1_D_contribution,hh_constrained_net_borrower,muni_direct|duration_bucket=2-5y,1.9e-05,0.000699,0.008138,$bn_year1_D,BOND_HOLDINGS_DURATION_BUCKET;BOND_PRICE_PACK;BOND_CELL_MAPPING;BOND_MTM_RELEVANCE;BOND_WEALTH_MPC,computed_from_pack_rows,Year-1 contribution equals holding stock × positive MTM loss × MTM relevance × cell share × bond-wealth MPC.
bond_mtm_year1_D_contribution,hh_middle_owner_illiquid,muni_direct|duration_bucket=2-5y,0.000135,0.004195,0.042723,$bn_year1_D,BOND_HOLDINGS_DURATION_BUCKET;BOND_PRICE_PACK;BOND_CELL_MAPPING;BOND_MTM_RELEVANCE;BOND_WEALTH_MPC,computed_from_pack_rows,Year-1 contribution equals holding stock × positive MTM loss × MTM relevance × cell share × bond-wealth MPC.
bond_mtm_year1_D_contribution,hh_retiree_fixed_income_saver,muni_direct|duration_bucket=2-5y,0.000579,0.019086,0.235833,$bn_year1_D,BOND_HOLDINGS_DURATION_BUCKET;BOND_PRICE_PACK;BOND_CELL_MAPPING;BOND_MTM_RELEVANCE;BOND_WEALTH_MPC,computed_from_pack_rows,Year-1 contribution equals holding stock × positive MTM loss × MTM relevance × cell share × bond-wealth MPC.
bond_mtm_year1_D_contribution,hh_unconstrained_saver,muni_direct|duration_bucket=2-5y,0.000329,0.009857,0.078025,$bn_year1_D,BOND_HOLDINGS_DURATION_BUCKET;BOND_PRICE_PACK;BOND_CELL_MAPPING;BOND_MTM_RELEVANCE;BOND_WEALTH_MPC,computed_from_pack_rows,Year-1 contribution equals holding stock × positive MTM loss × MTM relevance × cell share × bond-wealth MPC.
bond_mtm_year1_D_contribution,hh_constrained_net_borrower,muni_direct|duration_bucket=5-10y,2.3e-05,0.001603,0.020212,$bn_year1_D,BOND_HOLDINGS_DURATION_BUCKET;BOND_PRICE_PACK;BOND_CELL_MAPPING;BOND_MTM_RELEVANCE;BOND_WEALTH_MPC,computed_from_pack_rows,Year-1 contribution equals holding stock × positive MTM loss × MTM relevance × cell share × bond-wealth MPC.
bond_mtm_year1_D_contribution,hh_middle_owner_illiquid,muni_direct|duration_bucket=5-10y,0.000129,0.007696,0.084892,$bn_year1_D,BOND_HOLDINGS_DURATION_BUCKET;BOND_PRICE_PACK;BOND_CELL_MAPPING;BOND_MTM_RELEVANCE;BOND_WEALTH_MPC,computed_from_pack_rows,Year-1 contribution equals holding stock × positive MTM loss × MTM relevance × cell share × bond-wealth MPC.
bond_mtm_year1_D_contribution,hh_retiree_fixed_income_saver,muni_direct|duration_bucket=5-10y,0.000761,0.047941,0.641543,$bn_year1_D,BOND_HOLDINGS_DURATION_BUCKET;BOND_PRICE_PACK;BOND_CELL_MAPPING;BOND_MTM_RELEVANCE;BOND_WEALTH_MPC,computed_from_pack_rows,Year-1 contribution equals holding stock × positive MTM loss × MTM relevance × cell share × bond-wealth MPC.
bond_mtm_year1_D_contribution,hh_unconstrained_saver,muni_direct|duration_bucket=5-10y,0.000383,0.021646,0.181669,$bn_year1_D,BOND_HOLDINGS_DURATION_BUCKET;BOND_PRICE_PACK;BOND_CELL_MAPPING;BOND_MTM_RELEVANCE;BOND_WEALTH_MPC,computed_from_pack_rows,Year-1 contribution equals holding stock × positive MTM loss × MTM relevance × cell share × bond-wealth MPC.
bond_mtm_year1_D_contribution,hh_constrained_net_borrower,muni_direct|duration_bucket=10y+,0.0,0.000792,0.011063,$bn_year1_D,BOND_HOLDINGS_DURATION_BUCKET;BOND_PRICE_PACK;BOND_CELL_MAPPING;BOND_MTM_RELEVANCE;BOND_WEALTH_MPC,computed_from_pack_rows,Year-1 contribution equals holding stock × positive MTM loss × MTM relevance × cell share × bond-wealth MPC.
bond_mtm_year1_D_contribution,hh_middle_owner_illiquid,muni_direct|duration_bucket=10y+,0.0,0.006655,0.081312,$bn_year1_D,BOND_HOLDINGS_DURATION_BUCKET;BOND_PRICE_PACK;BOND_CELL_MAPPING;BOND_MTM_RELEVANCE;BOND_WEALTH_MPC,computed_from_pack_rows,Year-1 contribution equals holding stock × positive MTM loss × MTM relevance × cell share × bond-wealth MPC.
bond_mtm_year1_D_contribution,hh_retiree_fixed_income_saver,muni_direct|duration_bucket=10y+,0.0,0.049435,0.7328,$bn_year1_D,BOND_HOLDINGS_DURATION_BUCKET;BOND_PRICE_PACK;BOND_CELL_MAPPING;BOND_MTM_RELEVANCE;BOND_WEALTH_MPC,computed_from_pack_rows,Year-1 contribution equals holding stock × positive MTM loss × MTM relevance × cell share × bond-wealth MPC.
bond_mtm_year1_D_contribution,hh_unconstrained_saver,muni_direct|duration_bucket=10y+,0.0,0.021153,0.195546,$bn_year1_D,BOND_HOLDINGS_DURATION_BUCKET;BOND_PRICE_PACK;BOND_CELL_MAPPING;BOND_MTM_RELEVANCE;BOND_WEALTH_MPC,computed_from_pack_rows,Year-1 contribution equals holding stock × positive MTM loss × MTM relevance × cell share × bond-wealth MPC.
bond_mtm_year1_D_contribution,hh_constrained_net_borrower,agency_mbs_direct|duration_bucket=0-2y,1e-06,4.8e-05,0.000687,$bn_year1_D,BOND_HOLDINGS_DURATION_BUCKET;BOND_PRICE_PACK;BOND_CELL_MAPPING;BOND_MTM_RELEVANCE;BOND_WEALTH_MPC,computed_from_pack_rows,Year-1 contribution equals holding stock × positive MTM loss × MTM relevance × cell share × bond-wealth MPC.
bond_mtm_year1_D_contribution,hh_middle_owner_illiquid,agency_mbs_direct|duration_bucket=0-2y,5e-06,0.000174,0.002163,$bn_year1_D,BOND_HOLDINGS_DURATION_BUCKET;BOND_PRICE_PACK;BOND_CELL_MAPPING;BOND_MTM_RELEVANCE;BOND_WEALTH_MPC,computed_from_pack_rows,Year-1 contribution equals holding stock × positive MTM loss × MTM relevance × cell share × bond-wealth MPC.
bond_mtm_year1_D_contribution,hh_retiree_fixed_income_saver,agency_mbs_direct|duration_bucket=0-2y,1.8e-05,0.000598,0.009002,$bn_year1_D,BOND_HOLDINGS_DURATION_BUCKET;BOND_PRICE_PACK;BOND_CELL_MAPPING;BOND_MTM_RELEVANCE;BOND_WEALTH_MPC,computed_from_pack_rows,Year-1 contribution equals holding stock × positive MTM loss × MTM relevance × cell share × bond-wealth MPC.
bond_mtm_year1_D_contribution,hh_unconstrained_saver,agency_mbs_direct|duration_bucket=0-2y,1.1e-05,0.000349,0.003395,$bn_year1_D,BOND_HOLDINGS_DURATION_BUCKET;BOND_PRICE_PACK;BOND_CELL_MAPPING;BOND_MTM_RELEVANCE;BOND_WEALTH_MPC,computed_from_pack_rows,Year-1 contribution equals holding stock × positive MTM loss × MTM relevance × cell share × bond-wealth MPC.
bond_mtm_year1_D_contribution,hh_constrained_net_borrower,agency_mbs_direct|duration_bucket=2-5y,8e-06,0.000409,0.005873,$bn_year1_D,BOND_HOLDINGS_DURATION_BUCKET;BOND_PRICE_PACK;BOND_CELL_MAPPING;BOND_MTM_RELEVANCE;BOND_WEALTH_MPC,computed_from_pack_rows,Year-1 contribution equals holding stock × positive MTM loss × MTM relevance × cell share × bond-wealth MPC.
bond_mtm_year1_D_contribution,hh_middle_owner_illiquid,agency_mbs_direct|duration_bucket=2-5y,3.8e-05,0.001635,0.020555,$bn_year1_D,BOND_HOLDINGS_DURATION_BUCKET;BOND_PRICE_PACK;BOND_CELL_MAPPING;BOND_MTM_RELEVANCE;BOND_WEALTH_MPC,computed_from_pack_rows,Year-1 contribution equals holding stock × positive MTM loss × MTM relevance × cell share × bond-wealth MPC.
bond_mtm_year1_D_contribution,hh_retiree_fixed_income_saver,agency_mbs_direct|duration_bucket=2-5y,0.000157,0.007084,0.10806,$bn_year1_D,BOND_HOLDINGS_DURATION_BUCKET;BOND_PRICE_PACK;BOND_CELL_MAPPING;BOND_MTM_RELEVANCE;BOND_WEALTH_MPC,computed_from_pack_rows,Year-1 contribution equals holding stock × positive MTM loss × MTM relevance × cell share × bond-wealth MPC.
bond_mtm_year1_D_contribution,hh_unconstrained_saver,agency_mbs_direct|duration_bucket=2-5y,9.6e-05,0.003964,0.039113,$bn_year1_D,BOND_HOLDINGS_DURATION_BUCKET;BOND_PRICE_PACK;BOND_CELL_MAPPING;BOND_MTM_RELEVANCE;BOND_WEALTH_MPC,computed_from_pack_rows,Year-1 contribution equals holding stock × positive MTM loss × MTM relevance × cell share × bond-wealth MPC.
bond_mtm_year1_D_contribution,hh_constrained_net_borrower,agency_mbs_direct|duration_bucket=5-10y,5e-06,0.000546,0.009123,$bn_year1_D,BOND_HOLDINGS_DURATION_BUCKET;BOND_PRICE_PACK;BOND_CELL_MAPPING;BOND_MTM_RELEVANCE;BOND_WEALTH_MPC,computed_from_pack_rows,Year-1 contribution equals holding stock × positive MTM loss × MTM relevance × cell share × bond-wealth MPC.
bond_mtm_year1_D_contribution,hh_middle_owner_illiquid,agency_mbs_direct|duration_bucket=5-10y,3.3e-05,0.002948,0.043104,$bn_year1_D,BOND_HOLDINGS_DURATION_BUCKET;BOND_PRICE_PACK;BOND_CELL_MAPPING;BOND_MTM_RELEVANCE;BOND_WEALTH_MPC,computed_from_pack_rows,Year-1 contribution equals holding stock × positive MTM loss × MTM relevance × cell share × bond-wealth MPC.
bond_mtm_year1_D_contribution,hh_retiree_fixed_income_saver,agency_mbs_direct|duration_bucket=5-10y,0.000159,0.014904,0.264374,$bn_year1_D,BOND_HOLDINGS_DURATION_BUCKET;BOND_PRICE_PACK;BOND_CELL_MAPPING;BOND_MTM_RELEVANCE;BOND_WEALTH_MPC,computed_from_pack_rows,Year-1 contribution equals holding stock × positive MTM loss × MTM relevance × cell share × bond-wealth MPC.
bond_mtm_year1_D_contribution,hh_unconstrained_saver,agency_mbs_direct|duration_bucket=5-10y,9.2e-05,0.007861,0.089767,$bn_year1_D,BOND_HOLDINGS_DURATION_BUCKET;BOND_PRICE_PACK;BOND_CELL_MAPPING;BOND_MTM_RELEVANCE;BOND_WEALTH_MPC,computed_from_pack_rows,Year-1 contribution equals holding stock × positive MTM loss × MTM relevance × cell share × bond-wealth MPC.
bond_mtm_year1_D_contribution,hh_constrained_net_borrower,agency_mbs_direct|duration_bucket=10y+,0.0,0.000182,0.00322,$bn_year1_D,BOND_HOLDINGS_DURATION_BUCKET;BOND_PRICE_PACK;BOND_CELL_MAPPING;BOND_MTM_RELEVANCE;BOND_WEALTH_MPC,computed_from_pack_rows,Year-1 contribution equals holding stock × positive MTM loss × MTM relevance × cell share × bond-wealth MPC.
bond_mtm_year1_D_contribution,hh_middle_owner_illiquid,agency_mbs_direct|duration_bucket=10y+,0.0,0.000872,0.013523,$bn_year1_D,BOND_HOLDINGS_DURATION_BUCKET;BOND_PRICE_PACK;BOND_CELL_MAPPING;BOND_MTM_RELEVANCE;BOND_WEALTH_MPC,computed_from_pack_rows,Year-1 contribution equals holding stock × positive MTM loss × MTM relevance × cell share × bond-wealth MPC.
bond_mtm_year1_D_contribution,hh_retiree_fixed_income_saver,agency_mbs_direct|duration_bucket=10y+,0.0,0.005077,0.09553,$bn_year1_D,BOND_HOLDINGS_DURATION_BUCKET;BOND_PRICE_PACK;BOND_CELL_MAPPING;BOND_MTM_RELEVANCE;BOND_WEALTH_MPC,computed_from_pack_rows,Year-1 contribution equals holding stock × positive MTM loss × MTM relevance × cell share × bond-wealth MPC.
bond_mtm_year1_D_contribution,hh_unconstrained_saver,agency_mbs_direct|duration_bucket=10y+,0.0,0.002616,0.031605,$bn_year1_D,BOND_HOLDINGS_DURATION_BUCKET;BOND_PRICE_PACK;BOND_CELL_MAPPING;BOND_MTM_RELEVANCE;BOND_WEALTH_MPC,computed_from_pack_rows,Year-1 contribution equals holding stock × positive MTM loss × MTM relevance × cell share × bond-wealth MPC.
bond_mtm_year1_D_contribution,hh_constrained_net_borrower,bond_fund_lookthrough_treasury|duration_bucket=0-2y,4.7e-05,0.001117,0.010215,$bn_year1_D,BOND_HOLDINGS_DURATION_BUCKET;BOND_PRICE_PACK;BOND_CELL_MAPPING;BOND_MTM_RELEVANCE;BOND_WEALTH_MPC,computed_from_pack_rows,Year-1 contribution equals holding stock × positive MTM loss × MTM relevance × cell share × bond-wealth MPC.
bond_mtm_year1_D_contribution,hh_middle_owner_illiquid,bond_fund_lookthrough_treasury|duration_bucket=0-2y,0.000237,0.004917,0.039327,$bn_year1_D,BOND_HOLDINGS_DURATION_BUCKET;BOND_PRICE_PACK;BOND_CELL_MAPPING;BOND_MTM_RELEVANCE;BOND_WEALTH_MPC,computed_from_pack_rows,Year-1 contribution equals holding stock × positive MTM loss × MTM relevance × cell share × bond-wealth MPC.
bond_mtm_year1_D_contribution,hh_retiree_fixed_income_saver,bond_fund_lookthrough_treasury|duration_bucket=0-2y,0.000308,0.006779,0.065783,$bn_year1_D,BOND_HOLDINGS_DURATION_BUCKET;BOND_PRICE_PACK;BOND_CELL_MAPPING;BOND_MTM_RELEVANCE;BOND_WEALTH_MPC,computed_from_pack_rows,Year-1 contribution equals holding stock × positive MTM loss × MTM relevance × cell share × bond-wealth MPC.
bond_mtm_year1_D_contribution,hh_unconstrained_saver,bond_fund_lookthrough_treasury|duration_bucket=0-2y,0.000257,0.005252,0.033463,$bn_year1_D,BOND_HOLDINGS_DURATION_BUCKET;BOND_PRICE_PACK;BOND_CELL_MAPPING;BOND_MTM_RELEVANCE;BOND_WEALTH_MPC,computed_from_pack_rows,Year-1 contribution equals holding stock × positive MTM loss × MTM relevance × cell share × bond-wealth MPC.
bond_mtm_year1_D_contribution,hh_constrained_net_borrower,bond_fund_lookthrough_treasury|duration_bucket=2-5y,8.9e-05,0.002392,0.021789,$bn_year1_D,BOND_HOLDINGS_DURATION_BUCKET;BOND_PRICE_PACK;BOND_CELL_MAPPING;BOND_MTM_RELEVANCE;BOND_WEALTH_MPC,computed_from_pack_rows,Year-1 contribution equals holding stock × positive MTM loss × MTM relevance × cell share × bond-wealth MPC.
bond_mtm_year1_D_contribution,hh_middle_owner_illiquid,bond_fund_lookthrough_treasury|duration_bucket=2-5y,0.000543,0.012628,0.100666,$bn_year1_D,BOND_HOLDINGS_DURATION_BUCKET;BOND_PRICE_PACK;BOND_CELL_MAPPING;BOND_MTM_RELEVANCE;BOND_WEALTH_MPC,computed_from_pack_rows,Year-1 contribution equals holding stock × positive MTM loss × MTM relevance × cell share × bond-wealth MPC.
bond_mtm_year1_D_contribution,hh_retiree_fixed_income_saver,bond_fund_lookthrough_treasury|duration_bucket=2-5y,0.000758,0.018656,0.180414,$bn_year1_D,BOND_HOLDINGS_DURATION_BUCKET;BOND_PRICE_PACK;BOND_CELL_MAPPING;BOND_MTM_RELEVANCE;BOND_WEALTH_MPC,computed_from_pack_rows,Year-1 contribution equals holding stock × positive MTM loss × MTM relevance × cell share × bond-wealth MPC.
bond_mtm_year1_D_contribution,hh_unconstrained_saver,bond_fund_lookthrough_treasury|duration_bucket=2-5y,0.000575,0.013059,0.082154,$bn_year1_D,BOND_HOLDINGS_DURATION_BUCKET;BOND_PRICE_PACK;BOND_CELL_MAPPING;BOND_MTM_RELEVANCE;BOND_WEALTH_MPC,computed_from_pack_rows,Year-1 contribution equals holding stock × positive MTM loss × MTM relevance × cell share × bond-wealth MPC.
bond_mtm_year1_D_contribution,hh_constrained_net_borrower,bond_fund_lookthrough_treasury|duration_bucket=5-10y,6.9e-05,0.002955,0.03103,$bn_year1_D,BOND_HOLDINGS_DURATION_BUCKET;BOND_PRICE_PACK;BOND_CELL_MAPPING;BOND_MTM_RELEVANCE;BOND_WEALTH_MPC,computed_from_pack_rows,Year-1 contribution equals holding stock × positive MTM loss × MTM relevance × cell share × bond-wealth MPC.
bond_mtm_year1_D_contribution,hh_middle_owner_illiquid,bond_fund_lookthrough_treasury|duration_bucket=5-10y,0.000504,0.018618,0.171051,$bn_year1_D,BOND_HOLDINGS_DURATION_BUCKET;BOND_PRICE_PACK;BOND_CELL_MAPPING;BOND_MTM_RELEVANCE;BOND_WEALTH_MPC,computed_from_pack_rows,Year-1 contribution equals holding stock × positive MTM loss × MTM relevance × cell share × bond-wealth MPC.
bond_mtm_year1_D_contribution,hh_retiree_fixed_income_saver,bond_fund_lookthrough_treasury|duration_bucket=5-10y,0.00081,0.031694,0.353273,$bn_year1_D,BOND_HOLDINGS_DURATION_BUCKET;BOND_PRICE_PACK;BOND_CELL_MAPPING;BOND_MTM_RELEVANCE;BOND_WEALTH_MPC,computed_from_pack_rows,Year-1 contribution equals holding stock × positive MTM loss × MTM relevance × cell share × bond-wealth MPC.
bond_mtm_year1_D_contribution,hh_unconstrained_saver,bond_fund_lookthrough_treasury|duration_bucket=5-10y,0.000546,0.019504,0.139633,$bn_year1_D,BOND_HOLDINGS_DURATION_BUCKET;BOND_PRICE_PACK;BOND_CELL_MAPPING;BOND_MTM_RELEVANCE;BOND_WEALTH_MPC,computed_from_pack_rows,Year-1 contribution equals holding stock × positive MTM loss × MTM relevance × cell share × bond-wealth MPC.
bond_mtm_year1_D_contribution,hh_constrained_net_borrower,bond_fund_lookthrough_treasury|duration_bucket=10y+,0.0,0.002468,0.032988,$bn_year1_D,BOND_HOLDINGS_DURATION_BUCKET;BOND_PRICE_PACK;BOND_CELL_MAPPING;BOND_MTM_RELEVANCE;BOND_WEALTH_MPC,computed_from_pack_rows,Year-1 contribution equals holding stock × positive MTM loss × MTM relevance × cell share × bond-wealth MPC.
bond_mtm_year1_D_contribution,hh_middle_owner_illiquid,bond_fund_lookthrough_treasury|duration_bucket=10y+,0.0,0.013325,0.155866,$bn_year1_D,BOND_HOLDINGS_DURATION_BUCKET;BOND_PRICE_PACK;BOND_CELL_MAPPING;BOND_MTM_RELEVANCE;BOND_WEALTH_MPC,computed_from_pack_rows,Year-1 contribution equals holding stock × positive MTM loss × MTM relevance × cell share × bond-wealth MPC.
bond_mtm_year1_D_contribution,hh_retiree_fixed_income_saver,bond_fund_lookthrough_treasury|duration_bucket=10y+,0.0,0.028872,0.409705,$bn_year1_D,BOND_HOLDINGS_DURATION_BUCKET;BOND_PRICE_PACK;BOND_CELL_MAPPING;BOND_MTM_RELEVANCE;BOND_WEALTH_MPC,computed_from_pack_rows,Year-1 contribution equals holding stock × positive MTM loss × MTM relevance × cell share × bond-wealth MPC.
bond_mtm_year1_D_contribution,hh_unconstrained_saver,bond_fund_lookthrough_treasury|duration_bucket=10y+,0.0,0.016287,0.147256,$bn_year1_D,BOND_HOLDINGS_DURATION_BUCKET;BOND_PRICE_PACK;BOND_CELL_MAPPING;BOND_MTM_RELEVANCE;BOND_WEALTH_MPC,computed_from_pack_rows,Year-1 contribution equals holding stock × positive MTM loss × MTM relevance × cell share × bond-wealth MPC.
bond_mtm_year1_D_contribution,hh_constrained_net_borrower,bond_fund_lookthrough_corporate|duration_bucket=0-2y,1.3e-05,0.000393,0.004517,$bn_year1_D,BOND_HOLDINGS_DURATION_BUCKET;BOND_PRICE_PACK;BOND_CELL_MAPPING;BOND_MTM_RELEVANCE;BOND_WEALTH_MPC,computed_from_pack_rows,Year-1 contribution equals holding stock × positive MTM loss × MTM relevance × cell share × bond-wealth MPC.
bond_mtm_year1_D_contribution,hh_middle_owner_illiquid,bond_fund_lookthrough_corporate|duration_bucket=0-2y,6.5e-05,0.001728,0.017389,$bn_year1_D,BOND_HOLDINGS_DURATION_BUCKET;BOND_PRICE_PACK;BOND_CELL_MAPPING;BOND_MTM_RELEVANCE;BOND_WEALTH_MPC,computed_from_pack_rows,Year-1 contribution equals holding stock × positive MTM loss × MTM relevance × cell share × bond-wealth MPC.
bond_mtm_year1_D_contribution,hh_retiree_fixed_income_saver,bond_fund_lookthrough_corporate|duration_bucket=0-2y,8.4e-05,0.002382,0.029088,$bn_year1_D,BOND_HOLDINGS_DURATION_BUCKET;BOND_PRICE_PACK;BOND_CELL_MAPPING;BOND_MTM_RELEVANCE;BOND_WEALTH_MPC,computed_from_pack_rows,Year-1 contribution equals holding stock × positive MTM loss × MTM relevance × cell share × bond-wealth MPC.
bond_mtm_year1_D_contribution,hh_unconstrained_saver,bond_fund_lookthrough_corporate|duration_bucket=0-2y,7e-05,0.001846,0.014797,$bn_year1_D,BOND_HOLDINGS_DURATION_BUCKET;BOND_PRICE_PACK;BOND_CELL_MAPPING;BOND_MTM_RELEVANCE;BOND_WEALTH_MPC,computed_from_pack_rows,Year-1 contribution equals holding stock × positive MTM loss × MTM relevance × cell share × bond-wealth MPC.
bond_mtm_year1_D_contribution,hh_constrained_net_borrower,bond_fund_lookthrough_corporate|duration_bucket=2-5y,6.2e-05,0.002295,0.025583,$bn_year1_D,BOND_HOLDINGS_DURATION_BUCKET;BOND_PRICE_PACK;BOND_CELL_MAPPING;BOND_MTM_RELEVANCE;BOND_WEALTH_MPC,computed_from_pack_rows,Year-1 contribution equals holding stock × positive MTM loss × MTM relevance × cell share × bond-wealth MPC.
bond_mtm_year1_D_contribution,hh_middle_owner_illiquid,bond_fund_lookthrough_corporate|duration_bucket=2-5y,0.00038,0.012117,0.118195,$bn_year1_D,BOND_HOLDINGS_DURATION_BUCKET;BOND_PRICE_PACK;BOND_CELL_MAPPING;BOND_MTM_RELEVANCE;BOND_WEALTH_MPC,computed_from_pack_rows,Year-1 contribution equals holding stock × positive MTM loss × MTM relevance × cell share × bond-wealth MPC.
bond_mtm_year1_D_contribution,hh_retiree_fixed_income_saver,bond_fund_lookthrough_corporate|duration_bucket=2-5y,0.00053,0.0179,0.211829,$bn_year1_D,BOND_HOLDINGS_DURATION_BUCKET;BOND_PRICE_PACK;BOND_CELL_MAPPING;BOND_MTM_RELEVANCE;BOND_WEALTH_MPC,computed_from_pack_rows,Year-1 contribution equals holding stock × positive MTM loss × MTM relevance × cell share × bond-wealth MPC.
bond_mtm_year1_D_contribution,hh_unconstrained_saver,bond_fund_lookthrough_corporate|duration_bucket=2-5y,0.000402,0.01253,0.096459,$bn_year1_D,BOND_HOLDINGS_DURATION_BUCKET;BOND_PRICE_PACK;BOND_CELL_MAPPING;BOND_MTM_RELEVANCE;BOND_WEALTH_MPC,computed_from_pack_rows,Year-1 contribution equals holding stock × positive MTM loss × MTM relevance × cell share × bond-wealth MPC.
bond_mtm_year1_D_contribution,hh_constrained_net_borrower,bond_fund_lookthrough_corporate|duration_bucket=5-10y,5.1e-05,0.003873,0.046306,$bn_year1_D,BOND_HOLDINGS_DURATION_BUCKET;BOND_PRICE_PACK;BOND_CELL_MAPPING;BOND_MTM_RELEVANCE;BOND_WEALTH_MPC,computed_from_pack_rows,Year-1 contribution equals holding stock × positive MTM loss × MTM relevance × cell share × bond-wealth MPC.
bond_mtm_year1_D_contribution,hh_middle_owner_illiquid,bond_fund_lookthrough_corporate|duration_bucket=5-10y,0.00037,0.024402,0.255264,$bn_year1_D,BOND_HOLDINGS_DURATION_BUCKET;BOND_PRICE_PACK;BOND_CELL_MAPPING;BOND_MTM_RELEVANCE;BOND_WEALTH_MPC,computed_from_pack_rows,Year-1 contribution equals holding stock × positive MTM loss × MTM relevance × cell share × bond-wealth MPC.
bond_mtm_year1_D_contribution,hh_retiree_fixed_income_saver,bond_fund_lookthrough_corporate|duration_bucket=5-10y,0.000594,0.041541,0.527198,$bn_year1_D,BOND_HOLDINGS_DURATION_BUCKET;BOND_PRICE_PACK;BOND_CELL_MAPPING;BOND_MTM_RELEVANCE;BOND_WEALTH_MPC,computed_from_pack_rows,Year-1 contribution equals holding stock × positive MTM loss × MTM relevance × cell share × bond-wealth MPC.
bond_mtm_year1_D_contribution,hh_unconstrained_saver,bond_fund_lookthrough_corporate|duration_bucket=5-10y,0.0004,0.025564,0.208379,$bn_year1_D,BOND_HOLDINGS_DURATION_BUCKET;BOND_PRICE_PACK;BOND_CELL_MAPPING;BOND_MTM_RELEVANCE;BOND_WEALTH_MPC,computed_from_pack_rows,Year-1 contribution equals holding stock × positive MTM loss × MTM relevance × cell share × bond-wealth MPC.
bond_mtm_year1_D_contribution,hh_constrained_net_borrower,bond_fund_lookthrough_corporate|duration_bucket=10y+,0.0,0.00238,0.032562,$bn_year1_D,BOND_HOLDINGS_DURATION_BUCKET;BOND_PRICE_PACK;BOND_CELL_MAPPING;BOND_MTM_RELEVANCE;BOND_WEALTH_MPC,computed_from_pack_rows,Year-1 contribution equals holding stock × positive MTM loss × MTM relevance × cell share × bond-wealth MPC.
bond_mtm_year1_D_contribution,hh_middle_owner_illiquid,bond_fund_lookthrough_corporate|duration_bucket=10y+,0.0,0.012852,0.153856,$bn_year1_D,BOND_HOLDINGS_DURATION_BUCKET;BOND_PRICE_PACK;BOND_CELL_MAPPING;BOND_MTM_RELEVANCE;BOND_WEALTH_MPC,computed_from_pack_rows,Year-1 contribution equals holding stock × positive MTM loss × MTM relevance × cell share × bond-wealth MPC.
bond_mtm_year1_D_contribution,hh_retiree_fixed_income_saver,bond_fund_lookthrough_corporate|duration_bucket=10y+,0.0,0.027845,0.404421,$bn_year1_D,BOND_HOLDINGS_DURATION_BUCKET;BOND_PRICE_PACK;BOND_CELL_MAPPING;BOND_MTM_RELEVANCE;BOND_WEALTH_MPC,computed_from_pack_rows,Year-1 contribution equals holding stock × positive MTM loss × MTM relevance × cell share × bond-wealth MPC.
bond_mtm_year1_D_contribution,hh_unconstrained_saver,bond_fund_lookthrough_corporate|duration_bucket=10y+,0.0,0.015708,0.145357,$bn_year1_D,BOND_HOLDINGS_DURATION_BUCKET;BOND_PRICE_PACK;BOND_CELL_MAPPING;BOND_MTM_RELEVANCE;BOND_WEALTH_MPC,computed_from_pack_rows,Year-1 contribution equals holding stock × positive MTM loss × MTM relevance × cell share × bond-wealth MPC.
bond_mtm_year1_D_contribution,hh_constrained_net_borrower,bond_fund_lookthrough_muni|duration_bucket=0-2y,2e-06,4.1e-05,0.000528,$bn_year1_D,BOND_HOLDINGS_DURATION_BUCKET;BOND_PRICE_PACK;BOND_CELL_MAPPING;BOND_MTM_RELEVANCE;BOND_WEALTH_MPC,computed_from_pack_rows,Year-1 contribution equals holding stock × positive MTM loss × MTM relevance × cell share × bond-wealth MPC.
bond_mtm_year1_D_contribution,hh_middle_owner_illiquid,bond_fund_lookthrough_muni|duration_bucket=0-2y,1.4e-05,0.000273,0.003052,$bn_year1_D,BOND_HOLDINGS_DURATION_BUCKET;BOND_PRICE_PACK;BOND_CELL_MAPPING;BOND_MTM_RELEVANCE;BOND_WEALTH_MPC,computed_from_pack_rows,Year-1 contribution equals holding stock × positive MTM loss × MTM relevance × cell share × bond-wealth MPC.
bond_mtm_year1_D_contribution,hh_retiree_fixed_income_saver,bond_fund_lookthrough_muni|duration_bucket=0-2y,5.2e-05,0.001077,0.014586,$bn_year1_D,BOND_HOLDINGS_DURATION_BUCKET;BOND_PRICE_PACK;BOND_CELL_MAPPING;BOND_MTM_RELEVANCE;BOND_WEALTH_MPC,computed_from_pack_rows,Year-1 contribution equals holding stock × positive MTM loss × MTM relevance × cell share × bond-wealth MPC.
bond_mtm_year1_D_contribution,hh_unconstrained_saver,bond_fund_lookthrough_muni|duration_bucket=0-2y,3.2e-05,0.000596,0.005226,$bn_year1_D,BOND_HOLDINGS_DURATION_BUCKET;BOND_PRICE_PACK;BOND_CELL_MAPPING;BOND_MTM_RELEVANCE;BOND_WEALTH_MPC,computed_from_pack_rows,Year-1 contribution equals holding stock × positive MTM loss × MTM relevance × cell share × bond-wealth MPC.
bond_mtm_year1_D_contribution,hh_constrained_net_borrower,bond_fund_lookthrough_muni|duration_bucket=2-5y,1e-05,0.000326,0.003953,$bn_year1_D,BOND_HOLDINGS_DURATION_BUCKET;BOND_PRICE_PACK;BOND_CELL_MAPPING;BOND_MTM_RELEVANCE;BOND_WEALTH_MPC,computed_from_pack_rows,Year-1 contribution equals holding stock × positive MTM loss × MTM relevance × cell share × bond-wealth MPC.
bond_mtm_year1_D_contribution,hh_middle_owner_illiquid,bond_fund_lookthrough_muni|duration_bucket=2-5y,6.9e-05,0.001957,0.020751,$bn_year1_D,BOND_HOLDINGS_DURATION_BUCKET;BOND_PRICE_PACK;BOND_CELL_MAPPING;BOND_MTM_RELEVANCE;BOND_WEALTH_MPC,computed_from_pack_rows,Year-1 contribution equals holding stock × positive MTM loss × MTM relevance × cell share × bond-wealth MPC.
bond_mtm_year1_D_contribution,hh_retiree_fixed_income_saver,bond_fund_lookthrough_muni|duration_bucket=2-5y,0.000297,0.008906,0.114544,$bn_year1_D,BOND_HOLDINGS_DURATION_BUCKET;BOND_PRICE_PACK;BOND_CELL_MAPPING;BOND_MTM_RELEVANCE;BOND_WEALTH_MPC,computed_from_pack_rows,Year-1 contribution equals holding stock × positive MTM loss × MTM relevance × cell share × bond-wealth MPC.
bond_mtm_year1_D_contribution,hh_unconstrained_saver,bond_fund_lookthrough_muni|duration_bucket=2-5y,0.000168,0.0046,0.037897,$bn_year1_D,BOND_HOLDINGS_DURATION_BUCKET;BOND_PRICE_PACK;BOND_CELL_MAPPING;BOND_MTM_RELEVANCE;BOND_WEALTH_MPC,computed_from_pack_rows,Year-1 contribution equals holding stock × positive MTM loss × MTM relevance × cell share × bond-wealth MPC.
bond_mtm_year1_D_contribution,hh_constrained_net_borrower,bond_fund_lookthrough_muni|duration_bucket=5-10y,1.2e-05,0.000756,0.00992,$bn_year1_D,BOND_HOLDINGS_DURATION_BUCKET;BOND_PRICE_PACK;BOND_CELL_MAPPING;BOND_MTM_RELEVANCE;BOND_WEALTH_MPC,computed_from_pack_rows,Year-1 contribution equals holding stock × positive MTM loss × MTM relevance × cell share × bond-wealth MPC.
bond_mtm_year1_D_contribution,hh_middle_owner_illiquid,bond_fund_lookthrough_muni|duration_bucket=5-10y,9.4e-05,0.005103,0.058593,$bn_year1_D,BOND_HOLDINGS_DURATION_BUCKET;BOND_PRICE_PACK;BOND_CELL_MAPPING;BOND_MTM_RELEVANCE;BOND_WEALTH_MPC,computed_from_pack_rows,Year-1 contribution equals holding stock × positive MTM loss × MTM relevance × cell share × bond-wealth MPC.
bond_mtm_year1_D_contribution,hh_retiree_fixed_income_saver,bond_fund_lookthrough_muni|duration_bucket=5-10y,0.000482,0.027644,0.385039,$bn_year1_D,BOND_HOLDINGS_DURATION_BUCKET;BOND_PRICE_PACK;BOND_CELL_MAPPING;BOND_MTM_RELEVANCE;BOND_WEALTH_MPC,computed_from_pack_rows,Year-1 contribution equals holding stock × positive MTM loss × MTM relevance × cell share × bond-wealth MPC.
bond_mtm_year1_D_contribution,hh_unconstrained_saver,bond_fund_lookthrough_muni|duration_bucket=5-10y,0.000248,0.012815,0.112498,$bn_year1_D,BOND_HOLDINGS_DURATION_BUCKET;BOND_PRICE_PACK;BOND_CELL_MAPPING;BOND_MTM_RELEVANCE;BOND_WEALTH_MPC,computed_from_pack_rows,Year-1 contribution equals holding stock × positive MTM loss × MTM relevance × cell share × bond-wealth MPC.
bond_mtm_year1_D_contribution,hh_constrained_net_borrower,bond_fund_lookthrough_muni|duration_bucket=10y+,0.0,0.000485,0.007052,$bn_year1_D,BOND_HOLDINGS_DURATION_BUCKET;BOND_PRICE_PACK;BOND_CELL_MAPPING;BOND_MTM_RELEVANCE;BOND_WEALTH_MPC,computed_from_pack_rows,Year-1 contribution equals holding stock × positive MTM loss × MTM relevance × cell share × bond-wealth MPC.
bond_mtm_year1_D_contribution,hh_middle_owner_illiquid,bond_fund_lookthrough_muni|duration_bucket=10y+,0.0,0.004658,0.059239,$bn_year1_D,BOND_HOLDINGS_DURATION_BUCKET;BOND_PRICE_PACK;BOND_CELL_MAPPING;BOND_MTM_RELEVANCE;BOND_WEALTH_MPC,computed_from_pack_rows,Year-1 contribution equals holding stock × positive MTM loss × MTM relevance × cell share × bond-wealth MPC.
bond_mtm_year1_D_contribution,hh_retiree_fixed_income_saver,bond_fund_lookthrough_muni|duration_bucket=10y+,0.0,0.029646,0.457413,$bn_year1_D,BOND_HOLDINGS_DURATION_BUCKET;BOND_PRICE_PACK;BOND_CELL_MAPPING;BOND_MTM_RELEVANCE;BOND_WEALTH_MPC,computed_from_pack_rows,Year-1 contribution equals holding stock × positive MTM loss × MTM relevance × cell share × bond-wealth MPC.
bond_mtm_year1_D_contribution,hh_unconstrained_saver,bond_fund_lookthrough_muni|duration_bucket=10y+,0.0,0.012955,0.124995,$bn_year1_D,BOND_HOLDINGS_DURATION_BUCKET;BOND_PRICE_PACK;BOND_CELL_MAPPING;BOND_MTM_RELEVANCE;BOND_WEALTH_MPC,computed_from_pack_rows,Year-1 contribution equals holding stock × positive MTM loss × MTM relevance × cell share × bond-wealth MPC.
bond_mtm_year1_D_contribution,hh_constrained_net_borrower,bond_fund_lookthrough_agency_mbs|duration_bucket=0-2y,5e-06,0.000129,0.001423,$bn_year1_D,BOND_HOLDINGS_DURATION_BUCKET;BOND_PRICE_PACK;BOND_CELL_MAPPING;BOND_MTM_RELEVANCE;BOND_WEALTH_MPC,computed_from_pack_rows,Year-1 contribution equals holding stock × positive MTM loss × MTM relevance × cell share × bond-wealth MPC.
bond_mtm_year1_D_contribution,hh_middle_owner_illiquid,bond_fund_lookthrough_agency_mbs|duration_bucket=0-2y,2.4e-05,0.000566,0.005477,$bn_year1_D,BOND_HOLDINGS_DURATION_BUCKET;BOND_PRICE_PACK;BOND_CELL_MAPPING;BOND_MTM_RELEVANCE;BOND_WEALTH_MPC,computed_from_pack_rows,Year-1 contribution equals holding stock × positive MTM loss × MTM relevance × cell share × bond-wealth MPC.
bond_mtm_year1_D_contribution,hh_retiree_fixed_income_saver,bond_fund_lookthrough_agency_mbs|duration_bucket=0-2y,3.1e-05,0.000781,0.009161,$bn_year1_D,BOND_HOLDINGS_DURATION_BUCKET;BOND_PRICE_PACK;BOND_CELL_MAPPING;BOND_MTM_RELEVANCE;BOND_WEALTH_MPC,computed_from_pack_rows,Year-1 contribution equals holding stock × positive MTM loss × MTM relevance × cell share × bond-wealth MPC.
bond_mtm_year1_D_contribution,hh_unconstrained_saver,bond_fund_lookthrough_agency_mbs|duration_bucket=0-2y,2.6e-05,0.000605,0.00466,$bn_year1_D,BOND_HOLDINGS_DURATION_BUCKET;BOND_PRICE_PACK;BOND_CELL_MAPPING;BOND_MTM_RELEVANCE;BOND_WEALTH_MPC,computed_from_pack_rows,Year-1 contribution equals holding stock × positive MTM loss × MTM relevance × cell share × bond-wealth MPC.
bond_mtm_year1_D_contribution,hh_constrained_net_borrower,bond_fund_lookthrough_agency_mbs|duration_bucket=2-5y,3.3e-05,0.001206,0.013518,$bn_year1_D,BOND_HOLDINGS_DURATION_BUCKET;BOND_PRICE_PACK;BOND_CELL_MAPPING;BOND_MTM_RELEVANCE;BOND_WEALTH_MPC,computed_from_pack_rows,Year-1 contribution equals holding stock × positive MTM loss × MTM relevance × cell share × bond-wealth MPC.
bond_mtm_year1_D_contribution,hh_middle_owner_illiquid,bond_fund_lookthrough_agency_mbs|duration_bucket=2-5y,0.000201,0.00637,0.062454,$bn_year1_D,BOND_HOLDINGS_DURATION_BUCKET;BOND_PRICE_PACK;BOND_CELL_MAPPING;BOND_MTM_RELEVANCE;BOND_WEALTH_MPC,computed_from_pack_rows,Year-1 contribution equals holding stock × positive MTM loss × MTM relevance × cell share × bond-wealth MPC.
bond_mtm_year1_D_contribution,hh_retiree_fixed_income_saver,bond_fund_lookthrough_agency_mbs|duration_bucket=2-5y,0.000281,0.00941,0.111931,$bn_year1_D,BOND_HOLDINGS_DURATION_BUCKET;BOND_PRICE_PACK;BOND_CELL_MAPPING;BOND_MTM_RELEVANCE;BOND_WEALTH_MPC,computed_from_pack_rows,Year-1 contribution equals holding stock × positive MTM loss × MTM relevance × cell share × bond-wealth MPC.
bond_mtm_year1_D_contribution,hh_unconstrained_saver,bond_fund_lookthrough_agency_mbs|duration_bucket=2-5y,0.000213,0.006587,0.050969,$bn_year1_D,BOND_HOLDINGS_DURATION_BUCKET;BOND_PRICE_PACK;BOND_CELL_MAPPING;BOND_MTM_RELEVANCE;BOND_WEALTH_MPC,computed_from_pack_rows,Year-1 contribution equals holding stock × positive MTM loss × MTM relevance × cell share × bond-wealth MPC.
bond_mtm_year1_D_contribution,hh_constrained_net_borrower,bond_fund_lookthrough_agency_mbs|duration_bucket=5-10y,2.6e-05,0.001934,0.025198,$bn_year1_D,BOND_HOLDINGS_DURATION_BUCKET;BOND_PRICE_PACK;BOND_CELL_MAPPING;BOND_MTM_RELEVANCE;BOND_WEALTH_MPC,computed_from_pack_rows,Year-1 contribution equals holding stock × positive MTM loss × MTM relevance × cell share × bond-wealth MPC.
bond_mtm_year1_D_contribution,hh_middle_owner_illiquid,bond_fund_lookthrough_agency_mbs|duration_bucket=5-10y,0.000186,0.012184,0.138907,$bn_year1_D,BOND_HOLDINGS_DURATION_BUCKET;BOND_PRICE_PACK;BOND_CELL_MAPPING;BOND_MTM_RELEVANCE;BOND_WEALTH_MPC,computed_from_pack_rows,Year-1 contribution equals holding stock × positive MTM loss × MTM relevance × cell share × bond-wealth MPC.
bond_mtm_year1_D_contribution,hh_retiree_fixed_income_saver,bond_fund_lookthrough_agency_mbs|duration_bucket=5-10y,0.000298,0.020741,0.286884,$bn_year1_D,BOND_HOLDINGS_DURATION_BUCKET;BOND_PRICE_PACK;BOND_CELL_MAPPING;BOND_MTM_RELEVANCE;BOND_WEALTH_MPC,computed_from_pack_rows,Year-1 contribution equals holding stock × positive MTM loss × MTM relevance × cell share × bond-wealth MPC.
bond_mtm_year1_D_contribution,hh_unconstrained_saver,bond_fund_lookthrough_agency_mbs|duration_bucket=5-10y,0.000201,0.012764,0.113393,$bn_year1_D,BOND_HOLDINGS_DURATION_BUCKET;BOND_PRICE_PACK;BOND_CELL_MAPPING;BOND_MTM_RELEVANCE;BOND_WEALTH_MPC,computed_from_pack_rows,Year-1 contribution equals holding stock × positive MTM loss × MTM relevance × cell share × bond-wealth MPC.
bond_mtm_year1_D_contribution,hh_constrained_net_borrower,bond_fund_lookthrough_agency_mbs|duration_bucket=10y+,0.0,0.000643,0.008894,$bn_year1_D,BOND_HOLDINGS_DURATION_BUCKET;BOND_PRICE_PACK;BOND_CELL_MAPPING;BOND_MTM_RELEVANCE;BOND_WEALTH_MPC,computed_from_pack_rows,Year-1 contribution equals holding stock × positive MTM loss × MTM relevance × cell share × bond-wealth MPC.
bond_mtm_year1_D_contribution,hh_middle_owner_illiquid,bond_fund_lookthrough_agency_mbs|duration_bucket=10y+,0.0,0.003474,0.042022,$bn_year1_D,BOND_HOLDINGS_DURATION_BUCKET;BOND_PRICE_PACK;BOND_CELL_MAPPING;BOND_MTM_RELEVANCE;BOND_WEALTH_MPC,computed_from_pack_rows,Year-1 contribution equals holding stock × positive MTM loss × MTM relevance × cell share × bond-wealth MPC.
bond_mtm_year1_D_contribution,hh_retiree_fixed_income_saver,bond_fund_lookthrough_agency_mbs|duration_bucket=10y+,0.0,0.007528,0.110458,$bn_year1_D,BOND_HOLDINGS_DURATION_BUCKET;BOND_PRICE_PACK;BOND_CELL_MAPPING;BOND_MTM_RELEVANCE;BOND_WEALTH_MPC,computed_from_pack_rows,Year-1 contribution equals holding stock × positive MTM loss × MTM relevance × cell share × bond-wealth MPC.
bond_mtm_year1_D_contribution,hh_unconstrained_saver,bond_fund_lookthrough_agency_mbs|duration_bucket=10y+,0.0,0.004247,0.039701,$bn_year1_D,BOND_HOLDINGS_DURATION_BUCKET;BOND_PRICE_PACK;BOND_CELL_MAPPING;BOND_MTM_RELEVANCE;BOND_WEALTH_MPC,computed_from_pack_rows,Year-1 contribution equals holding stock × positive MTM loss × MTM relevance × cell share × bond-wealth MPC.
bond_mtm_year1_D_contribution_cell_total,hh_constrained_net_borrower,all_bond_mtm,0.000734,0.037342,0.434549,$bn_year1_D,BOND_PACK_COMPUTED,computed_from_pack_rows,Cell total across all duration buckets and instrument families.
bond_mtm_year1_D_contribution_cell_total,hh_middle_owner_illiquid,all_bond_mtm,0.004051,0.193726,2.006856,$bn_year1_D,BOND_PACK_COMPUTED,computed_from_pack_rows,Cell total across all duration buckets and instrument families.
bond_mtm_year1_D_contribution_cell_total,hh_retiree_fixed_income_saver,all_bond_mtm,0.008545,0.519533,6.84159,$bn_year1_D,BOND_PACK_COMPUTED,computed_from_pack_rows,Cell total across all duration buckets and instrument families.
bond_mtm_year1_D_contribution_cell_total,hh_unconstrained_saver,all_bond_mtm,0.005333,0.277551,2.298685,$bn_year1_D,BOND_PACK_COMPUTED,computed_from_pack_rows,Cell total across all duration buckets and instrument families.
bond_mtm_year1_D_contribution_total,HHNPISH,all_bond_mtm,0.018663,1.028152,11.58168,$bn_year1_D,BOND_PACK_COMPUTED,computed_from_pack_rows,Total diagnostic bond-MTM wealth drag; include_flag remains 0 unless gate is promoted.
