source_id,title,publisher,url,source_type,retrieved_at_utc,checked_evidence
project_context_20260702,RWTAS shared context for five evidence rounds,Project research inputs,source:project notes in project research inputs,project_research_notes,2026-07-02T13:28:35Z,"Pack schema, assumption-mode/no-fitting rule, one package per revision, provenance requirements, current RW_full context."
project_audit_phase6_ruling_20260702,"Ratewall comprehensive audit ingest, §5 ruling",Project research inputs,source:project research notes in project research inputs,project_research_notes,2026-07-02T13:28:35Z,"Full-waterfall episode run must be a separately-labeled stress/extrapolation object; +100bp Phase 6 packs are fragile at staggered +500bp, especially housing/RI/wealth/FX."
freddie_pmms_archive,Mortgage Market Survey Archive / PMMS history CSV,Freddie Mac,https://www.freddiemac.com/pmms/pmms_archives and https://www.freddiemac.com/pmms/docs/PMMS_history.csv,official_csv,2026-07-02T13:28:35Z,"30-year FRM weekly PMMS; Jan. 6, 2022 = 3.22%; Oct. 26, 2023 = 7.79%; cumulative move = +457bp."
cfpb_mortgage_rates_2024,Data Spotlight: The Impact of Changing Mortgage Interest Rates,Consumer Financial Protection Bureau,https://www.consumerfinance.gov/data-research/research-reports/data-spotlight-the-impact-of-changing-mortgage-interest-rates/,official_research_html,2026-07-02T13:28:35Z,"Mortgage rates rose more than five percentage points since the January 2021 trough, peaking at 7.79% in October 2023, then easing to around 6.2% by September 2024."
fed_openmarket_target_range,Open Market Operations: FOMC target federal funds rate/range table,Board of Governors of the Federal Reserve System,https://www.federalreserve.gov/monetarypolicy/openmarket.htm,official_html,2026-07-02T13:28:35Z,"Policy-rate path: March 17, 2022 target range 0.25–0.50; July 27, 2023 5.25–5.50; plus 2024 cuts."
census_nrc_starts_xlsx,New Residential Construction historical time series: Housing Units Started,U.S. Census Bureau,https://www.census.gov/construction/nrc/data/series.html and https://www.census.gov/construction/nrc/xls/starts_cust.xlsx,official_xlsx_parsed_xml,2026-07-02T13:28:35Z,"Housing starts: total annual 2021 1.601m, 2024 1.367m; SAAR peak Apr. 2022 1.807m, trough Jul. 2024 1.269m (-29.8%); single-family peak Nov. 2021 1.214m, trough Nov. 2022 0.791m (-34.8%)."
census_nrs_new_sales_xlsx,New Residential Sales historical time series: New Houses Sold,U.S. Census Bureau,https://www.census.gov/construction/nrs/data/series.html and https://www.census.gov/construction/nrs/xls/sold_cust.xlsx,official_xlsx_parsed_xml,2026-07-02T13:28:35Z,"New houses sold: annual 2021 771k, 2022 641k, 2023 666k, 2024 686k; SAAR peak Jan. 2021 899k, trough Jul. 2022 535k (-40.5%), then partial recovery."
nar_existing_sales_2024_reuters_on_nar,US Existing Home Sales Rise in December; House Prices Hit Record High in 2024,Reuters via National Association of REALTORS in-the-news page,https://www.nar.realtor/press-releases/in-the-news/us-existing-home-sales-rise-in-december-house-prices-hit-record-high-in-2024-reuters,news_on_trade_association_html,2026-07-02T13:28:35Z,"A total of 4.06m previously owned houses were sold in 2024, lowest since 1995; December 2024 SAAR 4.24m."
nar_existing_sales_2023_ap_on_nar,2023 Was Slowest Year For US Home Sales In Nearly 30 Years,Associated Press via National Association of REALTORS in-the-news page,https://www.nar.realtor/press-releases/in-the-news/2023-was-slowest-year-for-us-home-sales-in-nearly-30-years-as-high-mortgage-rates-frustrated-buyers,news_on_trade_association_html,2026-07-02T13:28:35Z,"Existing U.S. home sales totaled 4.09m in 2023, an 18.7% decline from 2022."
nmp_nar_existing_sales_2022,Existing-Home Sales Fell In December For 11th Straight Month,"National Mortgage Professional, citing NAR",https://nationalmortgageprofessional.com/news/existing-home-sales-fell-december-11th-straight-month,industry_news_html,2026-07-02T13:28:35Z,"For all of 2022, existing-home sales totaled 5.03m, down 17.8% from 2021."
nahb_starts_2024,Housing Starts End 2024 on an Up Note,National Association of Home Builders,https://www.nahb.org/news-and-economics/press-releases/2025/01/housing-starts-end-2024-on-an-up-note,trade_association_html,2026-07-02T13:28:35Z,"Total starts 2024 1.36m, down 3.9% from 2023; single-family starts 1.01m, up 6.5%; multifamily down 25%."
fhfa_lockin_blog_2024,The Geography of the Lock-In Effect: Which MSAs are Most Locked-In?,Federal Housing Finance Agency,https://www.fhfa.gov/blog/statistics/the-geography-of-the-lock-in-effect-which-msas-are-most-locked-in,official_research_blog_html,2026-07-02T13:28:35Z,"Lock-in prevented 1.72m fewer sales between 2022Q2 and 2024Q2; supply restriction raised prices 7.0%, counteracting direct higher-rate price effect of -5.6%."
fhfa_lockin_wp_page_2024,Working Paper 24-03: The Lock-In Effect of Rising Mortgage Rates,Federal Housing Finance Agency,https://www.fhfa.gov/research/papers/wp2403,official_research_page_html,2026-07-02T13:28:35Z,"For every percentage point market mortgage rates exceed origination rate, probability of sale decreases 18.1%; active fixed-rate mortgages far below market create sell disincentive."
fred_dfii10,"Market Yield on U.S. Treasury Securities at 10-Year Constant Maturity, Inflation-Indexed [DFII10]","FRED / Federal Reserve Bank of St. Louis, source Board of Governors",https://fred.stlouisfed.org/series/DFII10,official_data_portal_html,2026-07-02T13:28:35Z,Daily 10-year TIPS real-yield source; used as real-rate-move basis for user-cost validity discussion.
fred_nonres_structures_annual,Real Gross Private Domestic Investment: Fixed Investment: Nonresidential: Structures [A009RL1A225NBEA],"FRED / Federal Reserve Bank of St. Louis, source BEA",https://fred.stlouisfed.org/series/A009RL1A225NBEA,official_data_portal_html,2026-07-02T13:28:35Z,"Annual real nonresidential structures investment growth: 2022 +3.5%, 2023 +16.7%, 2024 +1.1%, 2025 -5.3%."
richmondfed_private_fixed_investment_2024,Diving Into Private Fixed Investment,Federal Reserve Bank of Richmond,https://www.richmondfed.org/research/national_economy/macro_minute/2024/diving_into_private_fixed_investment_20240702,federal_reserve_bank_html,2026-07-02T13:28:35Z,"Real private nonresidential construction up 9.2% year-over-year in April 2024, slowing from 22.8% peak in November 2023; correlation 0.77 with structures investment."
bea_gdp_2024_second_estimate,"Gross Domestic Product, 4th Quarter and Year 2024: Second Estimate",U.S. Bureau of Economic Analysis,https://www.bea.gov/news/2025/gross-domestic-product-4th-quarter-and-year-2024-second-estimate,official_html,2026-07-02T13:28:35Z,"For 2024, real GDP increased 2.8%; growth reflected increases in consumer spending, investment, government spending, and exports; imports increased."
reuters_household_wealth_2022,U.S. household wealth falls for third consecutive quarter,Reuters,https://www.reuters.com/markets/us/us-household-wealth-falls-third-consecutive-quarter-fed-says-2022-12-09/,news_html,2026-07-02T13:28:35Z,Household net worth declined to $143.3T at end-September 2022 from $143.7T at end-June; third consecutive quarterly decline; stock-price drop outpaced real estate gains.
fed_housing_wealth_consumption_iacoviello,Housing Wealth and Consumption,Board of Governors of the Federal Reserve System,https://www.federalreserve.gov/pubs/ifdp/2011/1027/ifdp1027.htm,federal_reserve_research_html,2026-07-02T13:28:35Z,Simple estimates imply $1 housing wealth increase raises annualized consumption about 6 cents; $1 nonhousing wealth about 2 cents.
jpmci_housing_wealth_effect,The Housing Wealth Effect in the Post-Great Recession Period,JPMorgan Chase Institute,https://www.jpmorganchase.com/institute/all-topics/community-development/report-the-housing-wealth-effect,private_research_html,2026-07-02T13:28:35Z,"2012–2018 housing-wealth MPC estimates range 0 to 1.6 cents, much lower than most prior estimates; near zero and statistically insignificant in annual subgroup checks."
fed_h10_nominal_broad_dollar_monthly,H.10 Nominal Broad Dollar Index - Monthly Index,Board of Governors of the Federal Reserve System,https://www.federalreserve.gov/releases/h10/summary/jrxwtfb_nm.htm,official_html_table,2026-07-02T13:28:35Z,Nominal broad dollar monthly index: Jan. 2022 115.0373; Oct. 2022 127.4806; Dec. 2022 122.2343.
bls_currency_appreciation_2022,How currency appreciation can impact prices: the rise of the U.S. dollar,U.S. Bureau of Labor Statistics,https://www.bls.gov/opub/btn/volume-12/how-currency-appreciation-can-impact-prices-the-rise-of-the-us-dollar.htm,official_html_article,2026-07-02T13:28:35Z,"As the FOMC increased the federal funds rate, the U.S. dollar appreciated; broad dollar exchange-rate index reflected this; article discusses import/export price mechanisms."
bea_trade_annual_2022,"U.S. International Trade in Goods and Services, December and Annual 2022",U.S. Bureau of Economic Analysis,https://www.bea.gov/news/2023/us-international-trade-goods-and-services-december-and-annual-2022,official_html,2026-07-02T13:28:35Z,"2022 goods-and-services deficit was $948.1B, up $103.0B (+12.2%) from 2021; exports +17.7%, imports +16.3%."
