artifact_path,freeze_reason,last_good_sha256,enters_main_ratio,active_output_index_status,keeper_exception
outputs/tables/cbo_budget_projections.csv,non_promoting_flags_false;not_in_active_or_paper_index,,false,not_indexed,false
outputs/tables/distributional_exposure_levels.csv,non_promoting_flags_false;not_in_active_or_paper_index,,false,not_indexed,false
outputs/tables/evidence_limitations.csv,non_promoting_flags_false;not_in_active_or_paper_index,,false,not_indexed,false
outputs/tables/ofr_mmf_treasury_context.csv,non_promoting_flags_false;not_in_active_or_paper_index;name_pattern:context,,false,not_indexed,false
outputs/tables/public_liability_fine_holder_context.csv,non_promoting_flags_false;not_in_active_or_paper_index;name_pattern:context,,false,not_indexed,false
outputs/tables/public_liability_holder_context.csv,non_promoting_flags_false;not_in_active_or_paper_index;name_pattern:context,,false,not_indexed,false
outputs/tables/ratewall_100bps_impulse.csv,non_promoting_flags_false;not_in_active_or_paper_index,,false,not_indexed,false
outputs/tables/ratewall_annual_support_denominator_compatibility_registry.csv,non_promoting_flags_false;not_in_active_or_paper_index,,false,not_indexed,false
outputs/tables/ratewall_annual_support_numerator_component_registry.csv,non_promoting_flags_false;not_in_active_or_paper_index,,false,not_indexed,false
outputs/tables/ratewall_annual_support_numerator_contract.csv,non_promoting_flags_false;not_in_active_or_paper_index,,false,not_indexed,false
outputs/tables/ratewall_annual_support_numerator_contract_invariant_audit.csv,non_promoting_flags_false;not_in_active_or_paper_index;name_pattern:audit,,false,not_indexed,false
outputs/tables/ratewall_annual_support_numerator_source_gate.csv,non_promoting_flags_false;not_in_active_or_paper_index;name_pattern:gate,,false,not_indexed,false
outputs/tables/ratewall_annual_support_numerator_uncertainty_envelope.csv,non_promoting_flags_false;not_in_active_or_paper_index,,false,not_indexed,false
outputs/tables/ratewall_assumption_mode_channel_promotion_decision.csv,non_promoting_flags_false;not_in_active_or_paper_index,,false,not_indexed,false
outputs/tables/ratewall_assumption_mode_channel_status_crosswalk.csv,non_promoting_flags_false;not_in_active_or_paper_index,,false,not_indexed,false
outputs/tables/ratewall_assumption_mode_claim_boundary_audit.csv,non_promoting_flags_false;not_in_active_or_paper_index;name_pattern:audit,,false,not_indexed,false
outputs/tables/ratewall_assumption_mode_driver_dominance_matrix.csv,non_promoting_flags_false;not_in_active_or_paper_index,,false,not_indexed,false
outputs/tables/ratewall_assumption_mode_dynamic_sidecar_driver_decomposition.csv,non_promoting_flags_false;not_in_active_or_paper_index,,false,not_indexed,false
outputs/tables/ratewall_assumption_mode_dynamic_sidecar_family_summary.csv,non_promoting_flags_false;not_in_active_or_paper_index,,false,not_indexed,false
outputs/tables/ratewall_assumption_mode_dynamic_sidecar_paths.csv,non_promoting_flags_false;not_in_active_or_paper_index,,false,not_indexed,false
outputs/tables/ratewall_assumption_mode_dynamic_sidecar_secondary_frontier.csv,non_promoting_flags_false;not_in_active_or_paper_index,,false,not_indexed,false
outputs/tables/ratewall_assumption_mode_dynamic_sidecar_secondary_paths.csv,non_promoting_flags_false;not_in_active_or_paper_index,,false,not_indexed,false
outputs/tables/ratewall_assumption_mode_formula_identity_audit.csv,non_promoting_flags_false;not_in_active_or_paper_index;name_pattern:audit,,false,not_indexed,false
outputs/tables/ratewall_assumption_mode_interpretation.csv,non_promoting_flags_false;not_in_active_or_paper_index,,false,not_indexed,false
outputs/tables/ratewall_assumption_mode_overlap_guardrail_audit.csv,non_promoting_flags_false;not_in_active_or_paper_index;name_pattern:audit,,false,not_indexed,false
outputs/tables/ratewall_assumption_mode_pairwise_sensitivity_matrix.csv,non_promoting_flags_false;not_in_active_or_paper_index,,false,not_indexed,false
outputs/tables/ratewall_assumption_mode_parameter_activation_ledger.csv,non_promoting_flags_false;not_in_active_or_paper_index,,false,not_indexed,false
outputs/tables/ratewall_assumption_mode_post_closure_boundary_map.csv,non_promoting_flags_false;not_in_active_or_paper_index,,false,not_indexed,false
outputs/tables/ratewall_assumption_mode_promoted_channel_contributions.csv,non_promoting_flags_false;not_in_active_or_paper_index,,false,not_indexed,false
outputs/tables/ratewall_assumption_mode_recipient_conversion_overlap_audit.csv,non_promoting_flags_false;not_in_active_or_paper_index;name_pattern:audit,,false,not_indexed,false
outputs/tables/ratewall_assumption_mode_recipient_leakage_absorber_basis_audit.csv,non_promoting_flags_false;not_in_active_or_paper_index;name_pattern:audit,,false,not_indexed,false
outputs/tables/ratewall_assumption_mode_sidecar_bundle_frontier.csv,non_promoting_flags_false;not_in_active_or_paper_index,,false,not_indexed,false
outputs/tables/ratewall_assumption_mode_sidecar_channel_decision.csv,non_promoting_flags_false;not_in_active_or_paper_index,,false,not_indexed,false
outputs/tables/ratewall_assumption_mode_sidecar_contributions.csv,non_promoting_flags_false;not_in_active_or_paper_index,,false,not_indexed,false
outputs/tables/ratewall_assumption_mode_sidecar_driver_decomposition.csv,non_promoting_flags_false;not_in_active_or_paper_index,,false,not_indexed,false
outputs/tables/ratewall_assumption_mode_sidecar_frontier.csv,non_promoting_flags_false;not_in_active_or_paper_index,,false,not_indexed,false
outputs/tables/ratewall_assumption_mode_sidecar_reasonableness_audit.csv,non_promoting_flags_false;not_in_active_or_paper_index;name_pattern:audit,,false,not_indexed,false
outputs/tables/ratewall_assumption_sensitivity.csv,non_promoting_flags_false;not_in_active_or_paper_index,,false,not_indexed,false
outputs/tables/ratewall_assumption_sets.csv,non_promoting_flags_false;not_in_active_or_paper_index,,false,not_indexed,false
outputs/tables/ratewall_assumption_source_backing_invariant_audit.csv,non_promoting_flags_false;not_in_active_or_paper_index;name_pattern:audit,,false,not_indexed,false
outputs/tables/ratewall_assumption_source_backing_ledger.csv,non_promoting_flags_false;not_in_active_or_paper_index,,false,not_indexed,false
outputs/tables/ratewall_baa_current_demand_bridge_source_audit.csv,non_promoting_flags_false;name_pattern:audit,,false,active_output,false
outputs/tables/ratewall_baa_event_window_support_diagnostic.csv,non_promoting_flags_false,,false,active_output,false
outputs/tables/ratewall_baa_hqm_mapping_diagnostic.csv,non_promoting_flags_false,,false,active_output,false
outputs/tables/ratewall_baa_policy_path_normalization_gate.csv,non_promoting_flags_false;name_pattern:gate,,false,active_output,false
outputs/tables/ratewall_baa_response_diagnostic.csv,non_promoting_flags_false,,false,active_output,false
outputs/tables/ratewall_baa_rights_proxy_uncertainty_review.csv,non_promoting_flags_false;name_pattern:review,,false,active_output,false
outputs/tables/ratewall_backend_accounting_identity_audit.csv,non_promoting_flags_false;not_in_active_or_paper_index;name_pattern:audit,,false,not_indexed,false
outputs/tables/ratewall_backend_artifact_claim_boundary_manifest.csv,non_promoting_flags_false;not_in_active_or_paper_index,,false,not_indexed,false
outputs/tables/ratewall_backend_completion_verdict.csv,non_promoting_flags_false;not_in_active_or_paper_index,,false,not_indexed,false
outputs/tables/ratewall_backend_expansion_context_registry.csv,non_promoting_flags_false;not_in_active_or_paper_index;name_pattern:context,,false,not_indexed,false
outputs/tables/ratewall_backend_invariant_guardrail_audit.csv,non_promoting_flags_false;not_in_active_or_paper_index;name_pattern:audit,,false,not_indexed,false
outputs/tables/ratewall_backend_model_readiness_gate.csv,non_promoting_flags_false;not_in_active_or_paper_index;name_pattern:gate,,false,not_indexed,false
outputs/tables/ratewall_backend_surface_schema_contract.csv,non_promoting_flags_false;not_in_active_or_paper_index,,false,not_indexed,false
outputs/tables/ratewall_baml_effective_yield_source_access_gate.csv,non_promoting_flags_false;name_pattern:gate,,false,active_output,false
outputs/tables/ratewall_baml_source_history_repair_contract.csv,non_promoting_flags_false,,false,active_output,false
outputs/tables/ratewall_bank_loan_repricing_context.csv,non_promoting_flags_false;not_in_active_or_paper_index;name_pattern:context,,false,not_indexed,false
outputs/tables/ratewall_bank_nim_credit_supply_context.csv,non_promoting_flags_false;not_in_active_or_paper_index;name_pattern:context,,false,not_indexed,false
outputs/tables/ratewall_bdc_private_credit_stress_marker_context.csv,non_promoting_flags_false;not_in_active_or_paper_index;name_pattern:context,,false,not_indexed,false
outputs/tables/ratewall_blocker_resolution_ledger.csv,non_promoting_flags_false;not_in_active_or_paper_index;name_pattern:blocker,,false,not_indexed,false
outputs/tables/ratewall_bnpl_zero_interest_float_context.csv,non_promoting_flags_false;not_in_active_or_paper_index;name_pattern:context,,false,not_indexed,false
outputs/tables/ratewall_bnpl_zero_interest_float_evidence_gap.csv,non_promoting_flags_false;not_in_active_or_paper_index,,false,not_indexed,false
outputs/tables/ratewall_borrowing_cost_source_object_adjudication.csv,non_promoting_flags_false,,false,active_output,false
outputs/tables/ratewall_brokerage_tbill_mmf_access_context.csv,non_promoting_flags_false;not_in_active_or_paper_index;name_pattern:context,,false,not_indexed,false
outputs/tables/ratewall_buyer_case_sign_matrix.csv,non_promoting_flags_false;not_in_active_or_paper_index,,false,not_indexed,false
outputs/tables/ratewall_calibration_source_acquisition_plan.csv,non_promoting_flags_false;not_in_active_or_paper_index,,false,not_indexed,false
outputs/tables/ratewall_canonical_tdc_accounting_path.csv,non_promoting_flags_false;not_in_active_or_paper_index,,false,not_indexed,false
outputs/tables/ratewall_canonical_tdc_accounting_source_hierarchy_audit.csv,non_promoting_flags_false;not_in_active_or_paper_index;name_pattern:audit,,false,not_indexed,false
outputs/tables/ratewall_canonical_tdc_stitched_accounting_path.csv,non_promoting_flags_false;not_in_active_or_paper_index,,false,not_indexed,false
outputs/tables/ratewall_channel_taxonomy_registry.csv,non_promoting_flags_false;not_in_active_or_paper_index,,false,not_indexed,false
outputs/tables/ratewall_chapter_readiness_self_audit.csv,non_promoting_flags_false;not_in_active_or_paper_index;name_pattern:audit,,false,not_indexed,false
outputs/tables/ratewall_closest_to_wall_frontier.csv,non_promoting_flags_false;not_in_active_or_paper_index,,false,not_indexed,false
outputs/tables/ratewall_condition_frontier.csv,non_promoting_flags_false;not_in_active_or_paper_index,,false,not_indexed,false
outputs/tables/ratewall_context_surface_no_main_ratio_audit.csv,non_promoting_flags_false;not_in_active_or_paper_index;name_pattern:context,,false,not_indexed,false
outputs/tables/ratewall_contractionary_benchmark_calibration.csv,non_promoting_flags_false;not_in_active_or_paper_index,,false,not_indexed,false
outputs/tables/ratewall_conventional_drag_bounded_denominator_registry.csv,non_promoting_flags_false;not_in_active_or_paper_index,,false,not_indexed,false
outputs/tables/ratewall_conventional_drag_calibration_route.csv,non_promoting_flags_false;not_in_active_or_paper_index,,false,not_indexed,false
outputs/tables/ratewall_conventional_drag_channel_evidence_gap.csv,non_promoting_flags_false;not_in_active_or_paper_index,,false,not_indexed,false
outputs/tables/ratewall_conventional_drag_current_demand_mapping_bridge.csv,non_promoting_flags_false;not_in_active_or_paper_index,,false,not_indexed,false
outputs/tables/ratewall_conventional_drag_current_demand_ratio_gate.csv,non_promoting_flags_false;name_pattern:gate,,false,active_output,false
outputs/tables/ratewall_conventional_drag_decomposition.csv,non_promoting_flags_false;not_in_active_or_paper_index,,false,not_indexed,false
outputs/tables/ratewall_conventional_drag_demand_conversion_admission.csv,non_promoting_flags_false;not_in_active_or_paper_index,,false,not_indexed,false
outputs/tables/ratewall_conventional_drag_denominator_promotion_rule_evaluation.csv,non_promoting_flags_false,,false,active_output,false
outputs/tables/ratewall_conventional_drag_denominator_route_triage_synthesis.csv,non_promoting_flags_false;not_in_active_or_paper_index,,false,not_indexed,false
outputs/tables/ratewall_conventional_drag_denominator_status_compact.csv,non_promoting_flags_false,,false,active_output,false
outputs/tables/ratewall_conventional_drag_empirical_target_registry.csv,non_promoting_flags_false;not_in_active_or_paper_index,,false,not_indexed,false
outputs/tables/ratewall_conventional_drag_evidence_tranche.csv,non_promoting_flags_false;not_in_active_or_paper_index,,false,not_indexed,false
outputs/tables/ratewall_conventional_drag_fspdp_component_decomposition_bridge.csv,non_promoting_flags_false;not_in_active_or_paper_index,,false,not_indexed,false
outputs/tables/ratewall_conventional_drag_fspdp_component_share_panel.csv,non_promoting_flags_false;not_in_active_or_paper_index,,false,not_indexed,false
outputs/tables/ratewall_conventional_drag_fspdp_component_source_manifest.csv,non_promoting_flags_false;not_in_active_or_paper_index,,false,not_indexed,false
outputs/tables/ratewall_conventional_drag_fspdp_controlled_lp_design_matrix_audit.csv,non_promoting_flags_false;not_in_active_or_paper_index;name_pattern:audit,,false,not_indexed,false
outputs/tables/ratewall_conventional_drag_fspdp_controlled_lp_estimate_candidate.csv,non_promoting_flags_false;not_in_active_or_paper_index,,false,not_indexed,false
outputs/tables/ratewall_conventional_drag_fspdp_controlled_lp_identification_check.csv,non_promoting_flags_false;not_in_active_or_paper_index,,false,not_indexed,false
outputs/tables/ratewall_conventional_drag_fspdp_controlled_lp_independent_replication.csv,non_promoting_flags_false;not_in_active_or_paper_index,,false,not_indexed,false
outputs/tables/ratewall_conventional_drag_fspdp_controlled_lp_robustness.csv,non_promoting_flags_false;not_in_active_or_paper_index,,false,not_indexed,false
outputs/tables/ratewall_conventional_drag_fspdp_coverage_priority_search_queue.csv,non_promoting_flags_false;not_in_active_or_paper_index;name_pattern:queue,,false,not_indexed,false
outputs/tables/ratewall_conventional_drag_fspdp_coverage_weight_requirement_review.csv,non_promoting_flags_false;not_in_active_or_paper_index;name_pattern:review,,false,not_indexed,false
outputs/tables/ratewall_conventional_drag_fspdp_denominator_candidate_join_preflight.csv,non_promoting_flags_false;not_in_active_or_paper_index,,false,not_indexed,false
outputs/tables/ratewall_conventional_drag_fspdp_denominator_conversion_uncertainty_boundary.csv,non_promoting_flags_false,,false,active_output,false
outputs/tables/ratewall_conventional_drag_fspdp_denominator_readiness_gate.csv,non_promoting_flags_false;not_in_active_or_paper_index;name_pattern:gate,,false,not_indexed,false
outputs/tables/ratewall_conventional_drag_fspdp_external_source_acquisition_action_plan.csv,non_promoting_flags_false;not_in_active_or_paper_index,,false,not_indexed,false
outputs/tables/ratewall_conventional_drag_fspdp_gdp_share_conversion_design_gate.csv,non_promoting_flags_false;name_pattern:gate,,false,active_output,false
outputs/tables/ratewall_conventional_drag_fspdp_gdp_share_conversion_method_admission.csv,non_promoting_flags_false;not_in_active_or_paper_index,,false,not_indexed,false
outputs/tables/ratewall_conventional_drag_fspdp_lp_control_panel.csv,non_promoting_flags_false;not_in_active_or_paper_index,,false,not_indexed,false
outputs/tables/ratewall_conventional_drag_fspdp_lp_sample_share_closeout_decision.csv,non_promoting_flags_false,,false,active_output,false
outputs/tables/ratewall_conventional_drag_fspdp_official_component_source_acquisition_execution.csv,non_promoting_flags_false;not_in_active_or_paper_index,,false,not_indexed,false
outputs/tables/ratewall_conventional_drag_fspdp_proxy_iv_frbus_benchmark_crosscheck.csv,non_promoting_flags_false;not_in_active_or_paper_index,,false,not_indexed,false
outputs/tables/ratewall_conventional_drag_fspdp_proxy_iv_weak_iv_safe_inference.csv,non_promoting_flags_false;not_in_active_or_paper_index,,false,not_indexed,false
outputs/tables/ratewall_conventional_drag_fspdp_research_side_action_plan_extraction_review.csv,non_promoting_flags_false;not_in_active_or_paper_index;name_pattern:review,,false,not_indexed,false
outputs/tables/ratewall_conventional_drag_fspdp_source_code_search_review.csv,non_promoting_flags_false;not_in_active_or_paper_index;name_pattern:review,,false,not_indexed,false
outputs/tables/ratewall_conventional_drag_fspdp_value_bearing_exposure_lp_execution.csv,non_promoting_flags_false;not_in_active_or_paper_index,,false,not_indexed,false
outputs/tables/ratewall_conventional_drag_local_lp_admission_audit.csv,non_promoting_flags_false;not_in_active_or_paper_index;name_pattern:audit,,false,not_indexed,false
outputs/tables/ratewall_conventional_drag_local_lp_design.csv,non_promoting_flags_false;not_in_active_or_paper_index,,false,not_indexed,false
outputs/tables/ratewall_conventional_drag_local_lp_diagnostic.csv,non_promoting_flags_false;not_in_active_or_paper_index,,false,not_indexed,false
outputs/tables/ratewall_conventional_drag_local_lp_estimate_diagnostic.csv,non_promoting_flags_false;not_in_active_or_paper_index,,false,not_indexed,false
outputs/tables/ratewall_conventional_drag_local_lp_robustness_diagnostic.csv,non_promoting_flags_false;not_in_active_or_paper_index,,false,not_indexed,false
outputs/tables/ratewall_conventional_drag_local_lp_sample_window_audit.csv,non_promoting_flags_false;not_in_active_or_paper_index;name_pattern:audit,,false,not_indexed,false
outputs/tables/ratewall_conventional_drag_local_macro_panel.csv,non_promoting_flags_false;not_in_active_or_paper_index,,false,not_indexed,false
outputs/tables/ratewall_conventional_drag_local_shock_quarterly.csv,non_promoting_flags_false;not_in_active_or_paper_index,,false,not_indexed,false
outputs/tables/ratewall_conventional_drag_mirgk_targeted_gap_source_followup.csv,non_promoting_flags_false;not_in_active_or_paper_index,,false,not_indexed,false
outputs/tables/ratewall_conventional_drag_promotion_contract_checklist.csv,non_promoting_flags_false;not_in_active_or_paper_index,,false,not_indexed,false
outputs/tables/ratewall_conventional_drag_research_extended_source_code_interpretation.csv,non_promoting_flags_false;not_in_active_or_paper_index,,false,not_indexed,false
outputs/tables/ratewall_conventional_drag_research_extraction_candidate.csv,non_promoting_flags_false;not_in_active_or_paper_index,,false,not_indexed,false
outputs/tables/ratewall_conventional_drag_research_extraction_conversion_bridge.csv,non_promoting_flags_false;not_in_active_or_paper_index,,false,not_indexed,false
outputs/tables/ratewall_conventional_drag_research_extraction_gate_audit.csv,non_promoting_flags_false;not_in_active_or_paper_index;name_pattern:gate,,false,not_indexed,false
outputs/tables/ratewall_conventional_drag_research_extraction_gate_detail.csv,non_promoting_flags_false;not_in_active_or_paper_index;name_pattern:gate,,false,not_indexed,false
outputs/tables/ratewall_conventional_drag_research_fspdp_coverage_candidate_scan.csv,non_promoting_flags_false;not_in_active_or_paper_index,,false,not_indexed,false
outputs/tables/ratewall_conventional_drag_research_mir_4q8q_conversion_readiness_review.csv,non_promoting_flags_false;not_in_active_or_paper_index;name_pattern:review,,false,not_indexed,false
outputs/tables/ratewall_conventional_drag_research_mir_component_aggregation_normalization_review.csv,non_promoting_flags_false;not_in_active_or_paper_index;name_pattern:review,,false,not_indexed,false
outputs/tables/ratewall_conventional_drag_research_mir_component_source_variant_review.csv,non_promoting_flags_false;not_in_active_or_paper_index;name_pattern:review,,false,not_indexed,false
outputs/tables/ratewall_conventional_drag_research_mir_h24_8q_rekeying_review.csv,non_promoting_flags_false;not_in_active_or_paper_index;name_pattern:review,,false,not_indexed,false
outputs/tables/ratewall_conventional_drag_research_mir_h24_source_unit_audit.csv,non_promoting_flags_false;not_in_active_or_paper_index;name_pattern:audit,,false,not_indexed,false
outputs/tables/ratewall_conventional_drag_research_mir_horizon_rekeying_candidate_review.csv,non_promoting_flags_false;not_in_active_or_paper_index;name_pattern:review,,false,not_indexed,false
outputs/tables/ratewall_conventional_drag_research_mir_replication_source_unit_audit.csv,non_promoting_flags_false;not_in_active_or_paper_index;name_pattern:audit,,false,not_indexed,false
outputs/tables/ratewall_conventional_drag_research_mir_source_unit_transformation_contract.csv,non_promoting_flags_false;not_in_active_or_paper_index,,false,not_indexed,false
outputs/tables/ratewall_conventional_drag_research_mir_target_horizon_reconciliation_contract.csv,non_promoting_flags_false;not_in_active_or_paper_index,,false,not_indexed,false
outputs/tables/ratewall_conventional_drag_research_parameterization_parser_status.csv,non_promoting_flags_false;not_in_active_or_paper_index,,false,not_indexed,false
outputs/tables/ratewall_conventional_drag_research_parameterization_source_contract.csv,non_promoting_flags_false;not_in_active_or_paper_index;name_pattern:source_contract,,false,not_indexed,false
outputs/tables/ratewall_conventional_drag_research_parameterization_source_frontier.csv,non_promoting_flags_false;not_in_active_or_paper_index,,false,not_indexed,false
outputs/tables/ratewall_conventional_drag_research_payload_inner_inventory.csv,non_promoting_flags_false;not_in_active_or_paper_index,,false,not_indexed,false
outputs/tables/ratewall_conventional_drag_research_payload_manifest.csv,non_promoting_flags_false;not_in_active_or_paper_index,,false,not_indexed,false
outputs/tables/ratewall_conventional_drag_research_policy_path_normalization_bridge_review.csv,non_promoting_flags_false;not_in_active_or_paper_index;name_pattern:review,,false,not_indexed,false
outputs/tables/ratewall_conventional_drag_research_source_code_interpretation.csv,non_promoting_flags_false;not_in_active_or_paper_index,,false,not_indexed,false
outputs/tables/ratewall_conventional_drag_research_source_method_bridge.csv,non_promoting_flags_false;not_in_active_or_paper_index,,false,not_indexed,false
outputs/tables/ratewall_conventional_drag_research_source_unit_conversion_review.csv,non_promoting_flags_false;not_in_active_or_paper_index;name_pattern:review,,false,not_indexed,false
outputs/tables/ratewall_conventional_drag_response_design_gate.csv,non_promoting_flags_false;not_in_active_or_paper_index;name_pattern:gate,,false,not_indexed,false
outputs/tables/ratewall_conventional_drag_response_execution_readiness_packet.csv,non_promoting_flags_false;not_in_active_or_paper_index,,false,not_indexed,false
outputs/tables/ratewall_conventional_drag_route_pruning_audit.csv,non_promoting_flags_false;not_in_active_or_paper_index;name_pattern:audit,,false,not_indexed,false
outputs/tables/ratewall_conventional_drag_source_design_gate.csv,non_promoting_flags_false;not_in_active_or_paper_index;name_pattern:gate,,false,not_indexed,false
outputs/tables/ratewall_conventional_drag_source_unit_aggregation_blocker_bridge.csv,non_promoting_flags_false;not_in_active_or_paper_index;name_pattern:blocker,,false,not_indexed,false
outputs/tables/ratewall_corporate_net_interest_cashflow_bridge.csv,non_promoting_flags_false;not_in_active_or_paper_index,,false,not_indexed,false
outputs/tables/ratewall_cre_maturity_refi_pressure_context.csv,non_promoting_flags_false;not_in_active_or_paper_index;name_pattern:context,,false,not_indexed,false
outputs/tables/ratewall_cre_refinancing_public_context.csv,non_promoting_flags_false;not_in_active_or_paper_index;name_pattern:context,,false,not_indexed,false
outputs/tables/ratewall_current_demand_gdp_share_panel.csv,non_promoting_flags_false;not_in_active_or_paper_index,,false,not_indexed,false
outputs/tables/ratewall_current_demand_gdp_share_source_manifest.csv,non_promoting_flags_false;not_in_active_or_paper_index,,false,not_indexed,false
outputs/tables/ratewall_databook_metrics.csv,non_promoting_flags_false;not_in_active_or_paper_index,,false,not_indexed,false
outputs/tables/ratewall_dealer_inventory_carry_context.csv,non_promoting_flags_false;not_in_active_or_paper_index;name_pattern:context,,false,not_indexed,false
outputs/tables/ratewall_denominator_aligned_response_panel_scaffold.csv,non_promoting_flags_false;not_in_active_or_paper_index;name_pattern:scaffold,,false,not_indexed,false
outputs/tables/ratewall_denominator_calibration_design_gate.csv,non_promoting_flags_false;not_in_active_or_paper_index;name_pattern:gate,,false,not_indexed,false
outputs/tables/ratewall_denominator_classifier_comparison.csv,non_promoting_flags_false;not_in_active_or_paper_index,,false,not_indexed,false
outputs/tables/ratewall_denominator_cross_source_design_validation.csv,non_promoting_flags_false;not_in_active_or_paper_index,,false,not_indexed,false
outputs/tables/ratewall_denominator_design_readiness_decision.csv,non_promoting_flags_false;not_in_active_or_paper_index,,false,not_indexed,false
outputs/tables/ratewall_denominator_event_level_response_panel.csv,non_promoting_flags_false;not_in_active_or_paper_index,,false,not_indexed,false
outputs/tables/ratewall_denominator_event_outcome_cell_diagnostic.csv,non_promoting_flags_false;not_in_active_or_paper_index,,false,not_indexed,false
outputs/tables/ratewall_denominator_event_outcome_panel_value_diagnostic.csv,non_promoting_flags_false;not_in_active_or_paper_index,,false,not_indexed,false
outputs/tables/ratewall_denominator_evidence_upgrade_blocker_resolution_matrix.csv,non_promoting_flags_false;not_in_active_or_paper_index;name_pattern:blocker,,false,not_indexed,false
outputs/tables/ratewall_denominator_evidence_upgrade_blocker_status_rollup.csv,non_promoting_flags_false;not_in_active_or_paper_index;name_pattern:blocker,,false,not_indexed,false
outputs/tables/ratewall_denominator_evidence_upgrade_priority_queue.csv,non_promoting_flags_false;not_in_active_or_paper_index;name_pattern:queue,,false,not_indexed,false
outputs/tables/ratewall_denominator_evidence_upgrade_source_design_requirement.csv,non_promoting_flags_false;not_in_active_or_paper_index,,false,not_indexed,false
outputs/tables/ratewall_denominator_evidence_upgrade_tier1_workplan.csv,non_promoting_flags_false;not_in_active_or_paper_index;name_pattern:workplan,,false,not_indexed,false
outputs/tables/ratewall_denominator_formal_design_gate.csv,non_promoting_flags_false;not_in_active_or_paper_index;name_pattern:gate,,false,not_indexed,false
outputs/tables/ratewall_denominator_formal_design_test_result.csv,non_promoting_flags_false;not_in_active_or_paper_index,,false,not_indexed,false
outputs/tables/ratewall_denominator_formal_design_test_result_scaffold.csv,non_promoting_flags_false;not_in_active_or_paper_index;name_pattern:scaffold,,false,not_indexed,false
outputs/tables/ratewall_denominator_horizon_sensitivity_diagnostic.csv,non_promoting_flags_false;not_in_active_or_paper_index,,false,not_indexed,false
outputs/tables/ratewall_denominator_methodology_registry.csv,non_promoting_flags_false;not_in_active_or_paper_index,,false,not_indexed,false
outputs/tables/ratewall_denominator_outlier_window_robustness_diagnostic.csv,non_promoting_flags_false;not_in_active_or_paper_index,,false,not_indexed,false
outputs/tables/ratewall_denominator_panel_design_test_diagnostic.csv,non_promoting_flags_false;not_in_active_or_paper_index,,false,not_indexed,false
outputs/tables/ratewall_denominator_pretrend_placebo_diagnostic.csv,non_promoting_flags_false;not_in_active_or_paper_index,,false,not_indexed,false
outputs/tables/ratewall_denominator_response_design_scaffold.csv,non_promoting_flags_false;not_in_active_or_paper_index;name_pattern:scaffold,,false,not_indexed,false
outputs/tables/ratewall_denominator_response_design_test_scaffold.csv,non_promoting_flags_false;not_in_active_or_paper_index;name_pattern:scaffold,,false,not_indexed,false
outputs/tables/ratewall_denominator_response_estimate_diagnostic.csv,non_promoting_flags_false;not_in_active_or_paper_index,,false,not_indexed,false
outputs/tables/ratewall_denominator_response_estimate_registry.csv,non_promoting_flags_false;not_in_active_or_paper_index,,false,not_indexed,false
outputs/tables/ratewall_denominator_response_gate_attempt.csv,non_promoting_flags_false;not_in_active_or_paper_index;name_pattern:gate,,false,not_indexed,false
outputs/tables/ratewall_denominator_scale_conflict_adjudication.csv,non_promoting_flags_false;not_in_active_or_paper_index,,false,not_indexed,false
outputs/tables/ratewall_denominator_scale_conflict_followup_decision.csv,non_promoting_flags_false;not_in_active_or_paper_index,,false,not_indexed,false
outputs/tables/ratewall_denominator_shock_relevance_diagnostic.csv,non_promoting_flags_false;not_in_active_or_paper_index,,false,not_indexed,false
outputs/tables/ratewall_denominator_sign_consistency_diagnostic.csv,non_promoting_flags_false;not_in_active_or_paper_index,,false,not_indexed,false
outputs/tables/ratewall_denominator_uncertainty_pass_fail_review.csv,non_promoting_flags_false;not_in_active_or_paper_index;name_pattern:review,,false,not_indexed,false
outputs/tables/ratewall_deposit_competition_conditioner.csv,non_promoting_flags_false;not_in_active_or_paper_index,,false,not_indexed,false
outputs/tables/ratewall_deposit_mmf_substitution_surface.csv,non_promoting_flags_false;not_in_active_or_paper_index,,false,not_indexed,false
outputs/tables/ratewall_deposit_pass_through_dispersion_conditioner.csv,non_promoting_flags_false;not_in_active_or_paper_index,,false,not_indexed,false
outputs/tables/ratewall_deposit_pricing_pass_through_context.csv,non_promoting_flags_false;not_in_active_or_paper_index;name_pattern:context,,false,not_indexed,false
outputs/tables/ratewall_distance_to_wall_state_surface.csv,non_promoting_flags_false;not_in_active_or_paper_index,,false,not_indexed,false
outputs/tables/ratewall_du_ru_tga_calibration_bridge.csv,non_promoting_flags_false;not_in_active_or_paper_index,,false,not_indexed,false
outputs/tables/ratewall_dynamic_crossing_robustness.csv,non_promoting_flags_false;not_in_active_or_paper_index,,false,not_indexed,false
outputs/tables/ratewall_dynamic_offset_ratio_path.csv,non_promoting_flags_false;not_in_active_or_paper_index,,false,not_indexed,false
outputs/tables/ratewall_dynamic_scenario_family_registry.csv,non_promoting_flags_false;not_in_active_or_paper_index,,false,not_indexed,false
outputs/tables/ratewall_dynamic_scenario_path_consistency_diagnostic.csv,non_promoting_flags_false;not_in_active_or_paper_index,,false,not_indexed,false
outputs/tables/ratewall_dynamic_scenario_paths.csv,non_promoting_flags_false;not_in_active_or_paper_index,,false,not_indexed,false
outputs/tables/ratewall_dynamic_sensitivity_frontier.csv,non_promoting_flags_false;not_in_active_or_paper_index,,false,not_indexed,false
outputs/tables/ratewall_dynamic_uncertainty_envelope.csv,non_promoting_flags_false;not_in_active_or_paper_index,,false,not_indexed,false
outputs/tables/ratewall_equity_claim_status.csv,non_promoting_flags_false;not_in_active_or_paper_index,,false,not_indexed,false
outputs/tables/ratewall_equity_evidence_workplan.csv,non_promoting_flags_false;not_in_active_or_paper_index;name_pattern:workplan,,false,not_indexed,false
outputs/tables/ratewall_equity_exposure_matrix.csv,non_promoting_flags_false;not_in_active_or_paper_index,,false,not_indexed,false
outputs/tables/ratewall_equity_sensitivity_diagnostic.csv,non_promoting_flags_false;not_in_active_or_paper_index,,false,not_indexed,false
outputs/tables/ratewall_equity_transmission_channel_map.csv,non_promoting_flags_false;not_in_active_or_paper_index,,false,not_indexed,false
outputs/tables/ratewall_estimation_target_registry.csv,non_promoting_flags_false;not_in_active_or_paper_index,,false,not_indexed,false
outputs/tables/ratewall_fairparke_benchmark_mapping_contract.csv,non_promoting_flags_false;not_in_active_or_paper_index,,false,not_indexed,false
outputs/tables/ratewall_fairparke_benchmark_run_inventory.csv,non_promoting_flags_false;not_in_active_or_paper_index,,false,not_indexed,false
outputs/tables/ratewall_final_blocker_ledger.csv,non_promoting_flags_false;not_in_active_or_paper_index;name_pattern:blocker,,false,not_indexed,false
outputs/tables/ratewall_financialization_artifact_traceability_matrix.csv,non_promoting_flags_false;not_in_active_or_paper_index,,false,not_indexed,false
outputs/tables/ratewall_financialization_double_count_audit.csv,non_promoting_flags_false;not_in_active_or_paper_index;name_pattern:audit,,false,not_indexed,false
outputs/tables/ratewall_financialization_expansion_avoidance_audit.csv,non_promoting_flags_false;not_in_active_or_paper_index;name_pattern:audit,,false,not_indexed,false
outputs/tables/ratewall_financialization_overlap_audit.csv,non_promoting_flags_false;not_in_active_or_paper_index;name_pattern:audit,,false,not_indexed,false
outputs/tables/ratewall_financialization_pressure.csv,non_promoting_flags_false;not_in_active_or_paper_index,,false,not_indexed,false
outputs/tables/ratewall_financialization_pressure_evidence_appendix.csv,non_promoting_flags_false;not_in_active_or_paper_index,,false,not_indexed,false
outputs/tables/ratewall_financialization_proxy_registry.csv,non_promoting_flags_false;not_in_active_or_paper_index,,false,not_indexed,false
outputs/tables/ratewall_financialization_proxy_source_gate.csv,non_promoting_flags_false;not_in_active_or_paper_index;name_pattern:gate,,false,not_indexed,false
outputs/tables/ratewall_financialization_restricted_protocols.csv,non_promoting_flags_false;not_in_active_or_paper_index,,false,not_indexed,false
outputs/tables/ratewall_financialization_source_gate.csv,non_promoting_flags_false;not_in_active_or_paper_index;name_pattern:gate,,false,not_indexed,false
outputs/tables/ratewall_financialized_balance_sheet_channel.csv,non_promoting_flags_false;not_in_active_or_paper_index,,false,not_indexed,false
outputs/tables/ratewall_financialized_balance_sheet_evidence_gap.csv,non_promoting_flags_false;not_in_active_or_paper_index,,false,not_indexed,false
outputs/tables/ratewall_firm_cash_debt_maturity_evidence_gap.csv,non_promoting_flags_false;not_in_active_or_paper_index,,false,not_indexed,false
outputs/tables/ratewall_firm_debt_maturity_wall_context.csv,non_promoting_flags_false;not_in_active_or_paper_index;name_pattern:context,,false,not_indexed,false
outputs/tables/ratewall_firm_interest_income_expense_balance_context.csv,non_promoting_flags_false;not_in_active_or_paper_index;name_pattern:context,,false,not_indexed,false
outputs/tables/ratewall_firm_liquid_asset_cushion_panel.csv,non_promoting_flags_false;not_in_active_or_paper_index,,false,not_indexed,false
outputs/tables/ratewall_firm_liquid_asset_public_context.csv,non_promoting_flags_false;not_in_active_or_paper_index;name_pattern:context,,false,not_indexed,false
outputs/tables/ratewall_firm_net_interest_cushion_context.csv,non_promoting_flags_false;not_in_active_or_paper_index;name_pattern:context,,false,not_indexed,false
outputs/tables/ratewall_firm_rollover_pressure_panel.csv,non_promoting_flags_false;not_in_active_or_paper_index,,false,not_indexed,false
outputs/tables/ratewall_firm_short_rate_exposure_proxy.csv,non_promoting_flags_false;not_in_active_or_paper_index,,false,not_indexed,false
outputs/tables/ratewall_flow_stage_decomposition.csv,non_promoting_flags_false;not_in_active_or_paper_index,,false,not_indexed,false
outputs/tables/ratewall_forecast_assumption_bundle_registry.csv,non_promoting_flags_false;not_in_active_or_paper_index,,false,not_indexed,false
outputs/tables/ratewall_forecast_assumption_calibration_registry.csv,non_promoting_flags_false;not_in_active_or_paper_index,,false,not_indexed,false
outputs/tables/ratewall_forecast_bank_margin_sidecar_summary.csv,non_promoting_flags_false;not_in_active_or_paper_index,,false,not_indexed,false
outputs/tables/ratewall_forecast_channel_conversion_profile_registry.csv,non_promoting_flags_false;not_in_active_or_paper_index,,false,not_indexed,false
outputs/tables/ratewall_forecast_incremental_path_ratio.csv,non_promoting_flags_false;not_in_active_or_paper_index,,false,not_indexed,false
outputs/tables/ratewall_forecast_incremental_path_ratio_frontier_summary.csv,non_promoting_flags_false;not_in_active_or_paper_index,,false,not_indexed,false
outputs/tables/ratewall_forecast_incremental_path_ratio_tdc_comparison.csv,non_promoting_flags_false;not_in_active_or_paper_index,,false,not_indexed,false
outputs/tables/ratewall_forecast_path_ratio_consumer_driver_summary.csv,non_promoting_flags_false;not_in_active_or_paper_index,,false,not_indexed,false
outputs/tables/ratewall_forecast_path_ratio_consumer_interpretation_summary.csv,non_promoting_flags_false;not_in_active_or_paper_index,,false,not_indexed,false
outputs/tables/ratewall_forecast_path_ratio_consumer_ladder.csv,non_promoting_flags_false;not_in_active_or_paper_index,,false,not_indexed,false
outputs/tables/ratewall_forecast_path_ratio_decomposition.csv,non_promoting_flags_false;not_in_active_or_paper_index,,false,not_indexed,false
outputs/tables/ratewall_forecast_path_ratio_driver_dominance_matrix.csv,non_promoting_flags_false;not_in_active_or_paper_index,,false,not_indexed,false
outputs/tables/ratewall_forecast_path_ratio_driver_ranking.csv,non_promoting_flags_false;not_in_active_or_paper_index,,false,not_indexed,false
outputs/tables/ratewall_forecast_path_ratio_evidence_dependency_matrix.csv,non_promoting_flags_false;not_in_active_or_paper_index,,false,not_indexed,false
outputs/tables/ratewall_forecast_path_ratio_evidence_targeting_registry.csv,non_promoting_flags_false;not_in_active_or_paper_index,,false,not_indexed,false
outputs/tables/ratewall_forecast_path_ratio_evidence_work_queue.csv,non_promoting_flags_false;not_in_active_or_paper_index;name_pattern:queue,,false,not_indexed,false
outputs/tables/ratewall_forecast_path_ratio_interpretation_registry.csv,non_promoting_flags_false;not_in_active_or_paper_index,,false,not_indexed,false
outputs/tables/ratewall_forecast_path_ratio_numerator_boundary_registry.csv,non_promoting_flags_false;not_in_active_or_paper_index,,false,not_indexed,false
outputs/tables/ratewall_forecast_path_ratio_pass_through_comparison.csv,non_promoting_flags_false;not_in_active_or_paper_index,,false,not_indexed,false
outputs/tables/ratewall_forecast_path_ratio_pass_through_consumer_interpretation_summary.csv,non_promoting_flags_false;not_in_active_or_paper_index,,false,not_indexed,false
outputs/tables/ratewall_forecast_path_ratio_pass_through_consumer_ladder.csv,non_promoting_flags_false;not_in_active_or_paper_index,,false,not_indexed,false
outputs/tables/ratewall_forecast_path_ratio_pass_through_delta_summary.csv,non_promoting_flags_false;not_in_active_or_paper_index,,false,not_indexed,false
outputs/tables/ratewall_forecast_path_ratio_pass_through_dominance.csv,non_promoting_flags_false;not_in_active_or_paper_index,,false,not_indexed,false
outputs/tables/ratewall_forecast_path_ratio_pass_through_scenario_axis.csv,non_promoting_flags_false;not_in_active_or_paper_index,,false,not_indexed,false
outputs/tables/ratewall_forecast_path_ratio_recipient_leakage_registry.csv,non_promoting_flags_false;not_in_active_or_paper_index,,false,not_indexed,false
outputs/tables/ratewall_forecast_path_ratio_scenario_registry.csv,non_promoting_flags_false;not_in_active_or_paper_index,,false,not_indexed,false
outputs/tables/ratewall_forecast_path_ratio_sensitivity_summary.csv,non_promoting_flags_false;not_in_active_or_paper_index,,false,not_indexed,false
outputs/tables/ratewall_forecast_path_ratio_source_specific_interpretation_registry.csv,non_promoting_flags_false;not_in_active_or_paper_index,,false,not_indexed,false
outputs/tables/ratewall_forecast_product_decision_casebook.csv,non_promoting_flags_false;not_in_active_or_paper_index,,false,not_indexed,false
outputs/tables/ratewall_forecast_product_pass_through_frontier_crosswalk.csv,non_promoting_flags_false;not_in_active_or_paper_index,,false,not_indexed,false
outputs/tables/ratewall_forecast_scenario_product_summary.csv,non_promoting_flags_false;not_in_active_or_paper_index,,false,not_indexed,false
outputs/tables/ratewall_forecast_treasury_recipient_best_proxy_admission_review.csv,non_promoting_flags_false;not_in_active_or_paper_index;name_pattern:review,,false,not_indexed,false
outputs/tables/ratewall_forecast_treasury_recipient_best_proxy_basis.csv,non_promoting_flags_false;not_in_active_or_paper_index,,false,not_indexed,false
outputs/tables/ratewall_forecast_treasury_recipient_best_proxy_calculation_scaffold.csv,non_promoting_flags_false;not_in_active_or_paper_index;name_pattern:scaffold,,false,not_indexed,false
outputs/tables/ratewall_forecast_treasury_recipient_best_proxy_gate_review.csv,non_promoting_flags_false;not_in_active_or_paper_index;name_pattern:gate,,false,not_indexed,false
outputs/tables/ratewall_forecast_treasury_recipient_bridge_packet.csv,non_promoting_flags_false;not_in_active_or_paper_index,,false,not_indexed,false
outputs/tables/ratewall_forecast_treasury_recipient_calibration_comparison.csv,non_promoting_flags_false;not_in_active_or_paper_index,,false,not_indexed,false
outputs/tables/ratewall_forecast_treasury_recipient_calibration_consumer_summary.csv,non_promoting_flags_false;not_in_active_or_paper_index,,false,not_indexed,false
outputs/tables/ratewall_forecast_treasury_recipient_calibration_product_summary.csv,non_promoting_flags_false;not_in_active_or_paper_index,,false,not_indexed,false
outputs/tables/ratewall_forecast_treasury_recipient_calibration_registry.csv,non_promoting_flags_false;not_in_active_or_paper_index,,false,not_indexed,false
outputs/tables/ratewall_forecast_treasury_recipient_current_demand_evidence_contract.csv,non_promoting_flags_false;not_in_active_or_paper_index,,false,not_indexed,false
outputs/tables/ratewall_forecast_treasury_recipient_domestic_nonbank_route_proxy.csv,non_promoting_flags_false;not_in_active_or_paper_index,,false,not_indexed,false
outputs/tables/ratewall_forecast_treasury_recipient_source_targeting_matrix.csv,non_promoting_flags_false;not_in_active_or_paper_index,,false,not_indexed,false
outputs/tables/ratewall_foreign_holder_interest_leakage_context.csv,non_promoting_flags_false;not_in_active_or_paper_index;name_pattern:context,,false,not_indexed,false
outputs/tables/ratewall_frbus_100bp_year_fspdp_proxy_benchmark.csv,review_only_frbus_benchmark_nondeterministic_across_temp_builds,,false,active_output,false
outputs/tables/ratewall_frbus_benchmark_comparison_mapping_contract.csv,non_promoting_flags_false;not_in_active_or_paper_index,,false,not_indexed,false
outputs/tables/ratewall_frbus_benchmark_output_slot_extension_review.csv,non_promoting_flags_false;not_in_active_or_paper_index;name_pattern:review,,false,not_indexed,false
outputs/tables/ratewall_frbus_conventional_drag_benchmark_protocol.csv,non_promoting_flags_false;not_in_active_or_paper_index,,false,not_indexed,false
outputs/tables/ratewall_frbus_model_benchmark_simulation_readiness.csv,non_promoting_flags_false;not_in_active_or_paper_index,,false,not_indexed,false
outputs/tables/ratewall_frbus_official_model_benchmark_simulation_protocol.csv,non_promoting_flags_false;not_in_active_or_paper_index,,false,not_indexed,false
outputs/tables/ratewall_frbus_official_model_package_inventory.csv,non_promoting_flags_false;not_in_active_or_paper_index,,false,not_indexed,false
outputs/tables/ratewall_frbus_runtime_runner_output_slots.csv,non_promoting_flags_false;not_in_active_or_paper_index,,false,not_indexed,false
outputs/tables/ratewall_frbus_runtime_runner_preflight.csv,non_promoting_flags_false;not_in_active_or_paper_index,,false,not_indexed,false
outputs/tables/ratewall_frontier_driver_ranking.csv,non_promoting_flags_false;not_in_active_or_paper_index,,false,not_indexed,false
outputs/tables/ratewall_frontier_summary.csv,non_promoting_flags_false;not_in_active_or_paper_index,,false,not_indexed,false
outputs/tables/ratewall_generated_text_claim_boundary_scan.csv,non_promoting_flags_false;not_in_active_or_paper_index,,false,not_indexed,false
outputs/tables/ratewall_gross_interest_subchannels.csv,non_promoting_flags_false;not_in_active_or_paper_index,,false,not_indexed,false
outputs/tables/ratewall_h4_empirical_validation_registry.csv,non_promoting_flags_false;not_in_active_or_paper_index,,false,not_indexed,false
outputs/tables/ratewall_high_priority_interest_channel_source_bridge.csv,non_promoting_flags_false;not_in_active_or_paper_index,,false,not_indexed,false
outputs/tables/ratewall_higher_rate_channel_registry.csv,non_promoting_flags_false;not_in_active_or_paper_index,,false,not_indexed,false
outputs/tables/ratewall_historical_assumption_mode_tdc_wall_ratio_path.csv,non_promoting_flags_false;not_in_active_or_paper_index,,false,not_indexed,false
outputs/tables/ratewall_historical_assumption_mode_wall_ratio_path.csv,non_promoting_flags_false;not_in_active_or_paper_index,,false,not_indexed,false
outputs/tables/ratewall_historical_forecast_wall_ratio_comparison_matrix.csv,non_promoting_flags_false;not_in_active_or_paper_index,,false,not_indexed,false
outputs/tables/ratewall_historical_incremental_path_ratio.csv,non_promoting_flags_false;not_in_active_or_paper_index,,false,not_indexed,false
outputs/tables/ratewall_historical_incremental_path_ratio_frontier_summary.csv,non_promoting_flags_false;not_in_active_or_paper_index,,false,not_indexed,false
outputs/tables/ratewall_historical_incremental_path_ratio_tdc_comparison.csv,non_promoting_flags_false;not_in_active_or_paper_index,,false,not_indexed,false
outputs/tables/ratewall_historical_interpretation_audit.csv,non_promoting_flags_false;not_in_active_or_paper_index;name_pattern:audit,,false,not_indexed,false
outputs/tables/ratewall_historical_iorb_demand_proxy_path.csv,non_promoting_flags_false;not_in_active_or_paper_index,,false,not_indexed,false
outputs/tables/ratewall_historical_tdc_admission_candidate_matrix.csv,non_promoting_flags_false;not_in_active_or_paper_index,,false,not_indexed,false
outputs/tables/ratewall_historical_tdc_admission_feasibility_summary.csv,non_promoting_flags_false;not_in_active_or_paper_index,,false,not_indexed,false
outputs/tables/ratewall_historical_tdc_bridge_candidate_priority_queue.csv,non_promoting_flags_false;not_in_active_or_paper_index;name_pattern:queue,,false,not_indexed,false
outputs/tables/ratewall_historical_tdc_bridge_implementation_prep.csv,non_promoting_flags_false;not_in_active_or_paper_index,,false,not_indexed,false
outputs/tables/ratewall_historical_tdc_component_gap_registry.csv,non_promoting_flags_false;not_in_active_or_paper_index,,false,not_indexed,false
outputs/tables/ratewall_historical_tdc_du_ru_methodology_panel.csv,non_promoting_flags_false;not_in_active_or_paper_index,,false,not_indexed,false
outputs/tables/ratewall_historical_tdc_du_ru_sensitive_panel_blocker_registry.csv,non_promoting_flags_false;not_in_active_or_paper_index;name_pattern:blocker,,false,not_indexed,false
outputs/tables/ratewall_historical_tdc_exact_du_ru_closure_contract.csv,non_promoting_flags_false;not_in_active_or_paper_index,,false,not_indexed,false
outputs/tables/ratewall_historical_tdc_overlap_identity_closure_contract.csv,non_promoting_flags_false;not_in_active_or_paper_index,,false,not_indexed,false
outputs/tables/ratewall_historical_tdc_path_admission.csv,non_promoting_flags_false;not_in_active_or_paper_index,,false,not_indexed,false
outputs/tables/ratewall_historical_tdc_post_bridge_admission_status.csv,non_promoting_flags_false;not_in_active_or_paper_index,,false,not_indexed,false
outputs/tables/ratewall_historical_tdc_post_bridge_blocker_queue.csv,non_promoting_flags_false;not_in_active_or_paper_index;name_pattern:queue,,false,not_indexed,false
outputs/tables/ratewall_historical_tdc_primary_bridge_target_registry.csv,non_promoting_flags_false;not_in_active_or_paper_index,,false,not_indexed,false
outputs/tables/ratewall_historical_tdc_selected_series_bridge_alignment.csv,non_promoting_flags_false;not_in_active_or_paper_index,,false,not_indexed,false
outputs/tables/ratewall_historical_tdc_selected_series_bridge_execution.csv,non_promoting_flags_false;not_in_active_or_paper_index,,false,not_indexed,false
outputs/tables/ratewall_historical_tdc_selected_series_bridge_remediation_matrix.csv,non_promoting_flags_false;not_in_active_or_paper_index,,false,not_indexed,false
outputs/tables/ratewall_historical_tdc_selected_series_primary_target_mapping_plan.csv,non_promoting_flags_false;not_in_active_or_paper_index,,false,not_indexed,false
outputs/tables/ratewall_historical_tdc_source_admission_targeting.csv,non_promoting_flags_false;not_in_active_or_paper_index,,false,not_indexed,false
outputs/tables/ratewall_historical_tdc_source_backed_companion_candidate.csv,non_promoting_flags_false;not_in_active_or_paper_index,,false,not_indexed,false
outputs/tables/ratewall_historical_tdc_source_backed_only_eligibility.csv,non_promoting_flags_false;not_in_active_or_paper_index,,false,not_indexed,false
outputs/tables/ratewall_historical_tdc_source_hardening_audit.csv,non_promoting_flags_false;not_in_active_or_paper_index;name_pattern:audit,,false,not_indexed,false
outputs/tables/ratewall_historical_tdc_source_work_queue.csv,non_promoting_flags_false;not_in_active_or_paper_index;name_pattern:queue,,false,not_indexed,false
outputs/tables/ratewall_historical_tdc_wall_ratio_path.csv,non_promoting_flags_false;not_in_active_or_paper_index,,false,not_indexed,false
outputs/tables/ratewall_historical_threshold_validation.csv,non_promoting_flags_false;not_in_active_or_paper_index,,false,not_indexed,false
outputs/tables/ratewall_historical_wall_ratio_path.csv,non_promoting_flags_false;not_in_active_or_paper_index,,false,not_indexed,false
outputs/tables/ratewall_hit_fragility_frontier.csv,non_promoting_flags_false;not_in_active_or_paper_index,,false,not_indexed,false
outputs/tables/ratewall_household_borrower_fragility_context.csv,non_promoting_flags_false;not_in_active_or_paper_index;name_pattern:context,,false,not_indexed,false
outputs/tables/ratewall_household_safe_asset_access_context.csv,non_promoting_flags_false;not_in_active_or_paper_index;name_pattern:context,,false,not_indexed,false
outputs/tables/ratewall_household_safe_asset_capture_proxy.csv,non_promoting_flags_false;not_in_active_or_paper_index,,false,not_indexed,false
outputs/tables/ratewall_household_safe_asset_exposure_panel.csv,non_promoting_flags_false;not_in_active_or_paper_index,,false,not_indexed,false
outputs/tables/ratewall_household_within_distribution_safe_asset_capture_context.csv,non_promoting_flags_false;not_in_active_or_paper_index;name_pattern:context,,false,not_indexed,false
outputs/tables/ratewall_housing_lockin_cashflow_context.csv,non_promoting_flags_false;not_in_active_or_paper_index;name_pattern:context,,false,not_indexed,false
outputs/tables/ratewall_hqm_borrowing_cost_object_comparator.csv,non_promoting_flags_false,,false,active_output,false
outputs/tables/ratewall_hqm_current_demand_bridge_gate.csv,non_promoting_flags_false;name_pattern:gate,,false,active_output,false
outputs/tables/ratewall_hqm_denominator_mapping_gate.csv,non_promoting_flags_false;name_pattern:gate,,false,active_output,false
outputs/tables/ratewall_hqm_event_outcome_panel_values.csv,non_promoting_flags_false,,false,active_output,false
outputs/tables/ratewall_hqm_event_window_feasibility.csv,non_promoting_flags_false,,false,active_output,false
outputs/tables/ratewall_hqm_formal_diagnostic_gate.csv,non_promoting_flags_false;name_pattern:gate,,false,active_output,false
outputs/tables/ratewall_hqm_policy_path_exposure_admission.csv,non_promoting_flags_false,,false,active_output,false
outputs/tables/ratewall_hqm_policy_path_protocol_dependency_gate.csv,non_promoting_flags_false;name_pattern:gate,,false,active_output,false
outputs/tables/ratewall_hqm_promotion_protocol_gate.csv,non_promoting_flags_false;name_pattern:gate,,false,active_output,false
outputs/tables/ratewall_hqm_public_fallback_response_result.csv,non_promoting_flags_false,,false,active_output,false
outputs/tables/ratewall_hqm_source_proxy_lane_review.csv,non_promoting_flags_false;name_pattern:review,,false,active_output,false
outputs/tables/ratewall_insurance_pension_asset_liability_context.csv,non_promoting_flags_false;not_in_active_or_paper_index;name_pattern:context,,false,not_indexed,false
outputs/tables/ratewall_interest_channel_completion_matrix.csv,non_promoting_flags_false;not_in_active_or_paper_index,,false,not_indexed,false
outputs/tables/ratewall_interest_channel_evidence_upgrade_queue.csv,non_promoting_flags_false;not_in_active_or_paper_index;name_pattern:queue,,false,not_indexed,false
outputs/tables/ratewall_interest_channel_horizon_timing_matrix.csv,non_promoting_flags_false;not_in_active_or_paper_index,,false,not_indexed,false
outputs/tables/ratewall_interest_channel_module_registry.csv,non_promoting_flags_false;not_in_active_or_paper_index,,false,not_indexed,false
outputs/tables/ratewall_interest_channel_promotion_gate.csv,non_promoting_flags_false;not_in_active_or_paper_index;name_pattern:gate,,false,not_indexed,false
outputs/tables/ratewall_interest_income_claim_boundary_audit.csv,non_promoting_flags_false;not_in_active_or_paper_index;name_pattern:audit,,false,not_indexed,false
outputs/tables/ratewall_interest_income_mpc_calibration_registry.csv,non_promoting_flags_false;not_in_active_or_paper_index,,false,not_indexed,false
outputs/tables/ratewall_interest_income_proxy_range_registry.csv,non_promoting_flags_false;not_in_active_or_paper_index,,false,not_indexed,false
outputs/tables/ratewall_interest_income_public_proxy_catalog.csv,non_promoting_flags_false;not_in_active_or_paper_index,,false,not_indexed,false
outputs/tables/ratewall_interest_recipient_leakage_bridge.csv,non_promoting_flags_false;not_in_active_or_paper_index,,false,not_indexed,false
outputs/tables/ratewall_interest_recipient_leakage_evidence_gap.csv,non_promoting_flags_false;not_in_active_or_paper_index,,false,not_indexed,false
outputs/tables/ratewall_local_lp_proxy_svar_diagnostic_run_packet.csv,non_promoting_flags_false;not_in_active_or_paper_index,,false,not_indexed,false
outputs/tables/ratewall_local_lp_proxy_svar_execution_preflight_results.csv,non_promoting_flags_false;not_in_active_or_paper_index,,false,not_indexed,false
outputs/tables/ratewall_local_lp_proxy_svar_route_closure_decision.csv,non_promoting_flags_false;not_in_active_or_paper_index,,false,not_indexed,false
outputs/tables/ratewall_model_adequacy_matrix.csv,non_promoting_flags_false;not_in_active_or_paper_index,,false,not_indexed,false
outputs/tables/ratewall_mspd_table3_bucket_repricing_gate.csv,non_promoting_flags_false;not_in_active_or_paper_index;name_pattern:gate,,false,not_indexed,false
outputs/tables/ratewall_net_countervailing_channels.csv,non_promoting_flags_false;not_in_active_or_paper_index,,false,not_indexed,false
outputs/tables/ratewall_noncanonical_current_demand_consumer_endpoint_decision.csv,non_promoting_flags_false,,false,active_output,false
outputs/tables/ratewall_noncanonical_current_demand_source_timing_contract.csv,non_promoting_flags_false;not_in_active_or_paper_index,,false,not_indexed,false
outputs/tables/ratewall_noncanonical_current_demand_support_ratio_consumer.csv,non_promoting_flags_false,,false,active_output,false
outputs/tables/ratewall_offset_decomposition.csv,non_promoting_flags_false;not_in_active_or_paper_index,,false,not_indexed,false
outputs/tables/ratewall_openicpsr_replication_package_source_manifest.csv,non_promoting_flags_false;not_in_active_or_paper_index,,false,not_indexed,false
outputs/tables/ratewall_paper_channel_map.csv,non_promoting_flags_false;not_in_active_or_paper_index,,false,not_indexed,false
outputs/tables/ratewall_paper_disabled_claims_appendix.csv,non_promoting_flags_false;not_in_active_or_paper_index;name_pattern:disabled,,false,not_indexed,false
outputs/tables/ratewall_paper_dynamic_scenario_summary.csv,non_promoting_flags_false;not_in_active_or_paper_index,,false,not_indexed,false
outputs/tables/ratewall_paper_financialization_interpretation.csv,non_promoting_flags_false;not_in_active_or_paper_index,,false,not_indexed,false
outputs/tables/ratewall_paper_parameter_justification.csv,non_promoting_flags_false;not_in_active_or_paper_index,,false,not_indexed,false
outputs/tables/ratewall_paper_scenario_accounting_bridge.csv,non_promoting_flags_false;not_in_active_or_paper_index,,false,not_indexed,false
outputs/tables/ratewall_paper_sensitivity_summary.csv,non_promoting_flags_false;not_in_active_or_paper_index,,false,not_indexed,false
outputs/tables/ratewall_paper_support_invariant_audit.csv,non_promoting_flags_false;not_in_active_or_paper_index;name_pattern:audit,,false,not_indexed,false
outputs/tables/ratewall_paper_tdc_dynamic_contribution.csv,non_promoting_flags_false;not_in_active_or_paper_index,,false,not_indexed,false
outputs/tables/ratewall_parameter_frontier.csv,non_promoting_flags_false;not_in_active_or_paper_index,,false,not_indexed,false
outputs/tables/ratewall_path_ratio_denominator_v1.csv,non_promoting_flags_false;not_in_active_or_paper_index,,false,not_indexed,false
outputs/tables/ratewall_path_ratio_numerator_ledger.csv,non_promoting_flags_false;not_in_active_or_paper_index,,false,not_indexed,false
outputs/tables/ratewall_path_ratio_numerator_reconciliation_audit.csv,non_promoting_flags_false;not_in_active_or_paper_index;name_pattern:audit,,false,not_indexed,false
outputs/tables/ratewall_path_ratio_tdc_adjustment_layer.csv,non_promoting_flags_false;not_in_active_or_paper_index,,false,not_indexed,false
outputs/tables/ratewall_pce_dpi_source_refresh_contract.csv,non_promoting_flags_false;not_in_active_or_paper_index,,false,not_indexed,false
outputs/tables/ratewall_personal_net_interest_position_context.csv,non_promoting_flags_false;not_in_active_or_paper_index;name_pattern:context,,false,not_indexed,false
outputs/tables/ratewall_policy_boundary_synthesis.csv,non_promoting_flags_false;not_in_active_or_paper_index,,false,not_indexed,false
outputs/tables/ratewall_policy_path_100bp_year_blocker_action_resolution.csv,non_promoting_flags_false;not_in_active_or_paper_index;name_pattern:blocker,,false,not_indexed,false
outputs/tables/ratewall_policy_path_authored_fail_closed_invariant_design.csv,non_promoting_flags_false;not_in_active_or_paper_index,,false,not_indexed,false
outputs/tables/ratewall_policy_path_authored_protocol_completion_audit.csv,non_promoting_flags_false;not_in_active_or_paper_index;name_pattern:audit,,false,not_indexed,false
outputs/tables/ratewall_policy_path_bps_year_blocker_decision.csv,non_promoting_flags_false;not_in_active_or_paper_index;name_pattern:blocker,,false,not_indexed,false
outputs/tables/ratewall_policy_path_bps_year_blocker_decision_audit.csv,non_promoting_flags_false;not_in_active_or_paper_index;name_pattern:audit,,false,not_indexed,false
outputs/tables/ratewall_policy_path_bps_year_candidate_path_design_contract.csv,non_promoting_flags_false;not_in_active_or_paper_index,,false,not_indexed,false
outputs/tables/ratewall_policy_path_bps_year_normalization_review.csv,non_promoting_flags_false;not_in_active_or_paper_index;name_pattern:review,,false,not_indexed,false
outputs/tables/ratewall_policy_path_bps_year_protocol_closure.csv,non_promoting_flags_false;not_in_active_or_paper_index,,false,not_indexed,false
outputs/tables/ratewall_policy_path_bps_year_source_protocol.csv,non_promoting_flags_false;not_in_active_or_paper_index,,false,not_indexed,false
outputs/tables/ratewall_policy_path_component_gate_execution_rollup.csv,non_promoting_flags_false;not_in_active_or_paper_index;name_pattern:gate,,false,not_indexed,false
outputs/tables/ratewall_policy_path_contract_interval_source_review.csv,non_promoting_flags_false;not_in_active_or_paper_index;name_pattern:review,,false,not_indexed,false
outputs/tables/ratewall_policy_path_contract_spec_acquisition_blocker.csv,non_promoting_flags_false;not_in_active_or_paper_index;name_pattern:blocker,,false,not_indexed,false
outputs/tables/ratewall_policy_path_current_artifact_manual_review_execution_packet.csv,non_promoting_flags_false;not_in_active_or_paper_index;name_pattern:review,,false,not_indexed,false
outputs/tables/ratewall_policy_path_current_artifact_manual_review_result_attempt.csv,non_promoting_flags_false;not_in_active_or_paper_index;name_pattern:review,,false,not_indexed,false
outputs/tables/ratewall_policy_path_deeper_parse_execution_review.csv,non_promoting_flags_false;not_in_active_or_paper_index;name_pattern:review,,false,not_indexed,false
outputs/tables/ratewall_policy_path_downloaded_artifact_locator_parse_adjudication_packet.csv,non_promoting_flags_false;not_in_active_or_paper_index,,false,not_indexed,false
outputs/tables/ratewall_policy_path_event_level_candidate_vector.csv,non_promoting_flags_false;not_in_active_or_paper_index,,false,not_indexed,false
outputs/tables/ratewall_policy_path_event_level_candidate_vector_audit.csv,non_promoting_flags_false;not_in_active_or_paper_index;name_pattern:audit,,false,not_indexed,false
outputs/tables/ratewall_policy_path_exact_locator_field_closure_diagnostic.csv,non_promoting_flags_false;not_in_active_or_paper_index,,false,not_indexed,false
outputs/tables/ratewall_policy_path_exact_locator_pass_rule_adjudication.csv,non_promoting_flags_false;not_in_active_or_paper_index,,false,not_indexed,false
outputs/tables/ratewall_policy_path_exact_source_locator_remediation.csv,non_promoting_flags_false;not_in_active_or_paper_index,,false,not_indexed,false
outputs/tables/ratewall_policy_path_exposure_vector_design_gate.csv,non_promoting_flags_false;name_pattern:gate,,false,active_output,false
outputs/tables/ratewall_policy_path_field_evidence_resolution_queue.csv,non_promoting_flags_false;not_in_active_or_paper_index;name_pattern:queue,,false,not_indexed,false
outputs/tables/ratewall_policy_path_field_specific_pass_rule_design.csv,non_promoting_flags_false;not_in_active_or_paper_index,,false,not_indexed,false
outputs/tables/ratewall_policy_path_field_specific_source_evidence_audit.csv,non_promoting_flags_false;not_in_active_or_paper_index;name_pattern:audit,,false,not_indexed,false
outputs/tables/ratewall_policy_path_formula_replication_source_review.csv,non_promoting_flags_false;not_in_active_or_paper_index;name_pattern:review,,false,not_indexed,false
outputs/tables/ratewall_policy_path_full_protocol_admission_gate_summary.csv,non_promoting_flags_false;name_pattern:gate,,false,active_output,false
outputs/tables/ratewall_policy_path_independent_replication_target_design.csv,non_promoting_flags_false;not_in_active_or_paper_index,,false,not_indexed,false
outputs/tables/ratewall_policy_path_locator_binding_closure_diagnostic.csv,non_promoting_flags_false;not_in_active_or_paper_index,,false,not_indexed,false
outputs/tables/ratewall_policy_path_locator_candidate_pass_rule_review_decision_packet.csv,non_promoting_flags_false;not_in_active_or_paper_index;name_pattern:review,,false,not_indexed,false
outputs/tables/ratewall_policy_path_mps_scalar_replication_audit.csv,non_promoting_flags_false;not_in_active_or_paper_index;name_pattern:audit,,false,not_indexed,false
outputs/tables/ratewall_policy_path_mps_scalar_replication_diagnostic.csv,non_promoting_flags_false;not_in_active_or_paper_index,,false,not_indexed,false
outputs/tables/ratewall_policy_path_normalization_leak_audit.csv,non_promoting_flags_false;not_in_active_or_paper_index;name_pattern:audit,,false,not_indexed,false
outputs/tables/ratewall_policy_path_normalization_source_manifest.csv,non_promoting_flags_false;not_in_active_or_paper_index,,false,not_indexed,false
outputs/tables/ratewall_policy_path_project_authored_bps_year_event_exposure.csv,non_promoting_flags_false;not_in_active_or_paper_index,,false,not_indexed,false
outputs/tables/ratewall_policy_path_project_authored_bps_year_exposure_admission_consumer.csv,non_promoting_flags_false,,false,active_output,false
outputs/tables/ratewall_policy_path_project_authored_bps_year_protocol_contract.csv,non_promoting_flags_false;not_in_active_or_paper_index,,false,not_indexed,false
outputs/tables/ratewall_policy_path_project_authored_bps_year_replication_protocol.csv,non_promoting_flags_false;not_in_active_or_paper_index,,false,not_indexed,false
outputs/tables/ratewall_policy_path_project_authored_bps_year_source_input_contract.csv,non_promoting_flags_false;not_in_active_or_paper_index,,false,not_indexed,false
outputs/tables/ratewall_policy_path_promotion_grade_source_family_acquisition_execution_preflight_results.csv,non_promoting_flags_false;not_in_active_or_paper_index,,false,not_indexed,false
outputs/tables/ratewall_policy_path_promotion_grade_source_family_acquisition_packet.csv,non_promoting_flags_false;not_in_active_or_paper_index,,false,not_indexed,false
outputs/tables/ratewall_policy_path_protocol_authoring_readiness_matrix.csv,non_promoting_flags_false;not_in_active_or_paper_index,,false,not_indexed,false
outputs/tables/ratewall_policy_path_protocol_candidate_draft_review.csv,non_promoting_flags_false;not_in_active_or_paper_index;name_pattern:review,,false,not_indexed,false
outputs/tables/ratewall_policy_path_protocol_completion_design_tranche.csv,non_promoting_flags_false;not_in_active_or_paper_index,,false,not_indexed,false
outputs/tables/ratewall_policy_path_protocol_component_closure_rollup.csv,non_promoting_flags_false;not_in_active_or_paper_index,,false,not_indexed,false
outputs/tables/ratewall_policy_path_protocol_field_authoring_contract.csv,non_promoting_flags_false;not_in_active_or_paper_index,,false,not_indexed,false
outputs/tables/ratewall_policy_path_protocol_missing_evidence_acquisition_queue.csv,non_promoting_flags_false;not_in_active_or_paper_index;name_pattern:queue,,false,not_indexed,false
outputs/tables/ratewall_policy_path_protocol_missing_evidence_parse_execution_review.csv,non_promoting_flags_false;not_in_active_or_paper_index;name_pattern:review,,false,not_indexed,false
outputs/tables/ratewall_policy_path_protocol_review_audit.csv,non_promoting_flags_false;not_in_active_or_paper_index;name_pattern:audit,,false,not_indexed,false
outputs/tables/ratewall_policy_path_protocol_review_inventory.csv,non_promoting_flags_false;not_in_active_or_paper_index;name_pattern:review,,false,not_indexed,false
outputs/tables/ratewall_policy_path_protocol_source_acquisition_audit.csv,non_promoting_flags_false;not_in_active_or_paper_index;name_pattern:audit,,false,not_indexed,false
outputs/tables/ratewall_policy_path_protocol_source_acquisition_registry.csv,non_promoting_flags_false;not_in_active_or_paper_index,,false,not_indexed,false
outputs/tables/ratewall_policy_path_protocol_source_acquisition_work_queue.csv,non_promoting_flags_false;not_in_active_or_paper_index;name_pattern:queue,,false,not_indexed,false
outputs/tables/ratewall_policy_path_protocol_source_parse_execution_review.csv,non_promoting_flags_false;not_in_active_or_paper_index;name_pattern:review,,false,not_indexed,false
outputs/tables/ratewall_policy_path_real_source_author_web_acquisition_attempt_packet.csv,non_promoting_flags_false;not_in_active_or_paper_index,,false,not_indexed,false
outputs/tables/ratewall_policy_path_research_shock_source_evidence_protocol_review.csv,non_promoting_flags_false;not_in_active_or_paper_index;name_pattern:review,,false,not_indexed,false
outputs/tables/ratewall_policy_path_reviewed_bps_year_protocol_gap_matrix.csv,non_promoting_flags_false;not_in_active_or_paper_index;name_pattern:review,,false,not_indexed,false
outputs/tables/ratewall_policy_path_reviewed_protocol_source_context.csv,non_promoting_flags_false;not_in_active_or_paper_index;name_pattern:context,,false,not_indexed,false
outputs/tables/ratewall_policy_path_source_author_manual_acquisition_execution_preflight_results.csv,non_promoting_flags_false;not_in_active_or_paper_index,,false,not_indexed,false
outputs/tables/ratewall_policy_path_source_author_manual_acquisition_followup_packet.csv,non_promoting_flags_false;not_in_active_or_paper_index,,false,not_indexed,false
outputs/tables/ratewall_policy_path_source_bundle_component_exhaustion_decision.csv,non_promoting_flags_false;not_in_active_or_paper_index,,false,not_indexed,false
outputs/tables/ratewall_policy_path_source_bundle_field_exhaustion_decision.csv,non_promoting_flags_false;not_in_active_or_paper_index,,false,not_indexed,false
outputs/tables/ratewall_policy_path_source_cell_unit_contract_review.csv,non_promoting_flags_false;not_in_active_or_paper_index;name_pattern:review,,false,not_indexed,false
outputs/tables/ratewall_policy_path_source_code_workbook_object_inventory.csv,non_promoting_flags_false;not_in_active_or_paper_index,,false,not_indexed,false
outputs/tables/ratewall_policy_path_source_code_workbook_protocol_deep_review.csv,non_promoting_flags_false;not_in_active_or_paper_index;name_pattern:review,,false,not_indexed,false
outputs/tables/ratewall_policy_path_source_extraction_result_adjudication.csv,non_promoting_flags_false;not_in_active_or_paper_index,,false,not_indexed,false
outputs/tables/ratewall_policy_path_source_extraction_results.csv,non_promoting_flags_false;not_in_active_or_paper_index,,false,not_indexed,false
outputs/tables/ratewall_policy_path_source_extraction_task_packet.csv,non_promoting_flags_false;not_in_active_or_paper_index,,false,not_indexed,false
outputs/tables/ratewall_policy_path_source_family_execution_closure_selection_packet.csv,non_promoting_flags_false;not_in_active_or_paper_index,,false,not_indexed,false
outputs/tables/ratewall_policy_path_source_locator_binding_review.csv,non_promoting_flags_false;not_in_active_or_paper_index;name_pattern:review,,false,not_indexed,false
outputs/tables/ratewall_policy_path_source_parse_action_execution.csv,non_promoting_flags_false;not_in_active_or_paper_index,,false,not_indexed,false
outputs/tables/ratewall_policy_path_source_parse_synthesis_queue.csv,non_promoting_flags_false;not_in_active_or_paper_index;name_pattern:queue,,false,not_indexed,false
outputs/tables/ratewall_policy_path_source_protocol_action_packet.csv,non_promoting_flags_false;not_in_active_or_paper_index,,false,not_indexed,false
outputs/tables/ratewall_policy_path_source_protocol_attempt_closure_handoff.csv,non_promoting_flags_false;not_in_active_or_paper_index,,false,not_indexed,false
outputs/tables/ratewall_policy_path_source_protocol_extraction_attempt_results.csv,non_promoting_flags_false;not_in_active_or_paper_index,,false,not_indexed,false
outputs/tables/ratewall_policy_path_source_protocol_pass_rule_harness.csv,non_promoting_flags_false;not_in_active_or_paper_index,,false,not_indexed,false
outputs/tables/ratewall_policy_path_terminal_no_hit_closure.csv,non_promoting_flags_false;not_in_active_or_paper_index,,false,not_indexed,false
outputs/tables/ratewall_policy_path_usmpd_instrument_decomposition_design_review.csv,non_promoting_flags_false;not_in_active_or_paper_index;name_pattern:review,,false,not_indexed,false
outputs/tables/ratewall_policy_path_usmpd_pca_backtransform_gate_review.csv,non_promoting_flags_false;not_in_active_or_paper_index;name_pattern:gate,,false,not_indexed,false
outputs/tables/ratewall_policy_path_usmpd_pca_loading_backtransform_review.csv,non_promoting_flags_false;not_in_active_or_paper_index;name_pattern:review,,false,not_indexed,false
outputs/tables/ratewall_policy_path_usmpd_scalar_score_replication_review.csv,non_promoting_flags_false;not_in_active_or_paper_index;name_pattern:review,,false,not_indexed,false
outputs/tables/ratewall_policy_path_value_bearing_bps_year_exposure_export.csv,non_promoting_flags_false;not_in_active_or_paper_index,,false,not_indexed,false
outputs/tables/ratewall_policy_path_value_bearing_bps_year_exposure_identification_variants_quarterly_series.csv,non_promoting_flags_false;not_in_active_or_paper_index,,false,not_indexed,false
outputs/tables/ratewall_policy_path_value_bearing_bps_year_exposure_quarterly_series.csv,non_promoting_flags_false;not_in_active_or_paper_index,,false,not_indexed,false
outputs/tables/ratewall_post_covid_interest_income_wall_distance.csv,non_promoting_flags_false;not_in_active_or_paper_index,,false,not_indexed,false
outputs/tables/ratewall_prior_stack_diagnostic.csv,non_promoting_flags_false;not_in_active_or_paper_index,,false,not_indexed,false
outputs/tables/ratewall_private_credit_bdc_context.csv,non_promoting_flags_false;not_in_active_or_paper_index;name_pattern:context,,false,not_indexed,false
outputs/tables/ratewall_public_finance_adjustment.csv,non_promoting_flags_false;not_in_active_or_paper_index,,false,not_indexed,false
outputs/tables/ratewall_public_finance_remittance_timing_stress_grid.csv,non_promoting_flags_false;not_in_active_or_paper_index,,false,not_indexed,false
outputs/tables/ratewall_public_finance_timing_bridge.csv,non_promoting_flags_false;not_in_active_or_paper_index,,false,not_indexed,false
outputs/tables/ratewall_public_finance_timing_design_test_scaffold.csv,non_promoting_flags_false;not_in_active_or_paper_index;name_pattern:scaffold,,false,not_indexed,false
outputs/tables/ratewall_public_finance_timing_evidence_gap.csv,non_promoting_flags_false;not_in_active_or_paper_index,,false,not_indexed,false
outputs/tables/ratewall_public_finance_timing_path.csv,non_promoting_flags_false;not_in_active_or_paper_index,,false,not_indexed,false
outputs/tables/ratewall_public_impulse_factorization.csv,non_promoting_flags_false;not_in_active_or_paper_index,,false,not_indexed,false
outputs/tables/ratewall_public_liability_repricing_evidence_bridge.csv,non_promoting_flags_false;not_in_active_or_paper_index,,false,not_indexed,false
outputs/tables/ratewall_public_liability_repricing_ladder.csv,non_promoting_flags_false;not_in_active_or_paper_index,,false,not_indexed,false
outputs/tables/ratewall_public_liability_repricing_reconciliation_gap.csv,non_promoting_flags_false;not_in_active_or_paper_index,,false,not_indexed,false
outputs/tables/ratewall_qrawatch_tdcsim_bridge_invariant_audit.csv,non_promoting_flags_false;not_in_active_or_paper_index;name_pattern:audit,,false,not_indexed,false
outputs/tables/ratewall_qrawatch_tdcsim_provenance_audit.csv,non_promoting_flags_false;not_in_active_or_paper_index;name_pattern:audit,,false,not_indexed,false
outputs/tables/ratewall_qrawatch_tdcsim_scenario_registry.csv,non_promoting_flags_false;not_in_active_or_paper_index,,false,not_indexed,false
outputs/tables/ratewall_ratio_layer_registry.csv,non_promoting_flags_false;not_in_active_or_paper_index,,false,not_indexed,false
outputs/tables/ratewall_recipient_leakage_design_gate.csv,non_promoting_flags_false;not_in_active_or_paper_index;name_pattern:gate,,false,not_indexed,false
outputs/tables/ratewall_recipient_mpc_scenario_scaffold.csv,non_promoting_flags_false;not_in_active_or_paper_index;name_pattern:scaffold,,false,not_indexed,false
outputs/tables/ratewall_regime_map.csv,non_promoting_flags_false;not_in_active_or_paper_index,,false,not_indexed,false
outputs/tables/ratewall_residualized_ffr_fwl_diagnostics.csv,non_promoting_flags_false;not_in_active_or_paper_index,,false,not_indexed,false
outputs/tables/ratewall_residualized_ffr_literature_lp_results.csv,non_promoting_flags_false;not_in_active_or_paper_index,,false,not_indexed,false
outputs/tables/ratewall_residualized_ffr_literature_replication_audit.csv,non_promoting_flags_false;not_in_active_or_paper_index;name_pattern:audit,,false,not_indexed,false
outputs/tables/ratewall_residualized_ffr_normalization_bridge.csv,non_promoting_flags_false;not_in_active_or_paper_index,,false,not_indexed,false
outputs/tables/ratewall_residualized_ffr_private_demand_bridge.csv,non_promoting_flags_false;not_in_active_or_paper_index,,false,not_indexed,false
outputs/tables/ratewall_restricted_data_gate_spec.csv,non_promoting_flags_false;not_in_active_or_paper_index;name_pattern:gate,,false,not_indexed,false
outputs/tables/ratewall_restricted_protocol_falsification_matrix.csv,non_promoting_flags_false;not_in_active_or_paper_index,,false,not_indexed,false
outputs/tables/ratewall_restricted_protocol_field_contract.csv,non_promoting_flags_false;not_in_active_or_paper_index,,false,not_indexed,false
outputs/tables/ratewall_retail_deposit_beta_gap_context.csv,non_promoting_flags_false;not_in_active_or_paper_index;name_pattern:context,,false,not_indexed,false
outputs/tables/ratewall_retail_pass_through_dispersion_panel.csv,non_promoting_flags_false;not_in_active_or_paper_index,,false,not_indexed,false
outputs/tables/ratewall_retail_safe_yield_access_substitution_context.csv,non_promoting_flags_false;not_in_active_or_paper_index;name_pattern:context,,false,not_indexed,false
outputs/tables/ratewall_runtime_annual_flow_support_offset_adoption_matrix.csv,non_promoting_flags_false;not_in_active_or_paper_index,,false,not_indexed,false
outputs/tables/ratewall_runtime_annual_flow_support_offset_closeout_decision.csv,non_promoting_flags_false;not_in_active_or_paper_index,,false,not_indexed,false
outputs/tables/ratewall_runtime_annual_flow_support_offset_readiness_registry.csv,non_promoting_flags_false;not_in_active_or_paper_index,,false,not_indexed,false
outputs/tables/ratewall_safe_asset_retention_context.csv,non_promoting_flags_false;not_in_active_or_paper_index;name_pattern:context,,false,not_indexed,false
outputs/tables/ratewall_safe_asset_retention_evidence_appendix.csv,non_promoting_flags_false;not_in_active_or_paper_index,,false,not_indexed,false
outputs/tables/ratewall_safe_asset_substitution_pairing_audit.csv,non_promoting_flags_false;not_in_active_or_paper_index;name_pattern:audit,,false,not_indexed,false
outputs/tables/ratewall_safe_yield_offset_drag_pairing_gap.csv,non_promoting_flags_false;not_in_active_or_paper_index,,false,not_indexed,false
outputs/tables/ratewall_safe_yield_paired_proxy_surface.csv,non_promoting_flags_false;not_in_active_or_paper_index,,false,not_indexed,false
outputs/tables/ratewall_scenario_crossing_diagnostic.csv,non_promoting_flags_false;not_in_active_or_paper_index,,false,not_indexed,false
outputs/tables/ratewall_scenario_denominator_anchor_lineage.csv,non_promoting_flags_false;not_in_active_or_paper_index,,false,not_indexed,false
outputs/tables/ratewall_scenario_denominator_stack_comparison.csv,non_promoting_flags_false;not_in_active_or_paper_index,,false,not_indexed,false
outputs/tables/ratewall_scenario_ladder.csv,non_promoting_flags_false,,false,active_output,false
outputs/tables/ratewall_score_dashboard.csv,non_promoting_flags_false;not_in_active_or_paper_index,,false,not_indexed,false
outputs/tables/ratewall_sibling_evidence_bridge.csv,non_promoting_flags_false;not_in_active_or_paper_index,,false,not_indexed,false
outputs/tables/ratewall_sibling_evidence_upgrade_queue.csv,non_promoting_flags_false;not_in_active_or_paper_index;name_pattern:queue,,false,not_indexed,false
outputs/tables/ratewall_source_gate_exhaustion_closure.csv,non_promoting_flags_false;not_in_active_or_paper_index;name_pattern:gate,,false,not_indexed,false
outputs/tables/ratewall_source_gate_prior_narrowing_decision.csv,non_promoting_flags_false;not_in_active_or_paper_index;name_pattern:gate,,false,not_indexed,false
outputs/tables/ratewall_split_denominator_comparison.csv,non_promoting_flags_false;not_in_active_or_paper_index,,false,not_indexed,false
outputs/tables/ratewall_split_denominator_joint_regime_stability.csv,non_promoting_flags_false;not_in_active_or_paper_index,,false,not_indexed,false
outputs/tables/ratewall_split_denominator_joint_uncertainty.csv,non_promoting_flags_false;not_in_active_or_paper_index,,false,not_indexed,false
outputs/tables/ratewall_split_denominator_regime_stability.csv,non_promoting_flags_false;not_in_active_or_paper_index,,false,not_indexed,false
outputs/tables/ratewall_split_denominator_uncertainty.csv,non_promoting_flags_false;not_in_active_or_paper_index,,false,not_indexed,false
outputs/tables/ratewall_summary.csv,non_promoting_flags_false;not_in_active_or_paper_index,,false,not_indexed,false
outputs/tables/ratewall_tax_timing_interest_income_context.csv,non_promoting_flags_false;not_in_active_or_paper_index;name_pattern:context,,false,not_indexed,false
outputs/tables/ratewall_tdc_claim_boundary_audit.csv,non_promoting_flags_false;not_in_active_or_paper_index;name_pattern:audit,,false,not_indexed,false
outputs/tables/ratewall_tdc_deposit_channel_ledger.csv,non_promoting_flags_false;not_in_active_or_paper_index,,false,not_indexed,false
outputs/tables/ratewall_tdc_deposit_credit_decomposition.csv,non_promoting_flags_false;not_in_active_or_paper_index,,false,not_indexed,false
outputs/tables/ratewall_tdc_deposit_pass_through_regime_scenarios.csv,non_promoting_flags_false;not_in_active_or_paper_index,,false,not_indexed,false
outputs/tables/ratewall_tdc_deposit_pass_through_scenario_contract.csv,non_promoting_flags_false;not_in_active_or_paper_index,,false,not_indexed,false
outputs/tables/ratewall_tdc_deposit_pass_through_scenario_contract_invariant_audit.csv,non_promoting_flags_false;not_in_active_or_paper_index;name_pattern:audit,,false,not_indexed,false
outputs/tables/ratewall_tdc_deposit_pass_through_source_import.csv,non_promoting_flags_false;not_in_active_or_paper_index,,false,not_indexed,false
outputs/tables/ratewall_tdc_deposit_pass_through_trigger_validation_preflight.csv,non_promoting_flags_false;not_in_active_or_paper_index,,false,not_indexed,false
outputs/tables/ratewall_tdc_ea_tdc_pass_through_calibration_import.csv,non_promoting_flags_false;not_in_active_or_paper_index,,false,not_indexed,false
outputs/tables/ratewall_tdc_ea_tdc_pass_through_regime_validation_import.csv,non_promoting_flags_false;not_in_active_or_paper_index,,false,not_indexed,false
outputs/tables/ratewall_tdc_equation_variant_registry.csv,non_promoting_flags_false;not_in_active_or_paper_index,,false,not_indexed,false
outputs/tables/ratewall_tdc_forward_assumption_registry.csv,non_promoting_flags_false;not_in_active_or_paper_index,,false,not_indexed,false
outputs/tables/ratewall_tdc_forward_component_audit.csv,non_promoting_flags_false;not_in_active_or_paper_index;name_pattern:audit,,false,not_indexed,false
outputs/tables/ratewall_tdc_forward_invariant_audit.csv,non_promoting_flags_false;not_in_active_or_paper_index;name_pattern:audit,,false,not_indexed,false
outputs/tables/ratewall_tdc_forward_overlap_guardrail.csv,non_promoting_flags_false;not_in_active_or_paper_index,,false,not_indexed,false
outputs/tables/ratewall_tdc_forward_projection_surface.csv,non_promoting_flags_false;not_in_active_or_paper_index,,false,not_indexed,false
outputs/tables/ratewall_tdc_forward_scenario_decomposition.csv,non_promoting_flags_false;not_in_active_or_paper_index,,false,not_indexed,false
outputs/tables/ratewall_tdc_historical_panel.csv,non_promoting_flags_false;not_in_active_or_paper_index,,false,not_indexed,false
outputs/tables/ratewall_tdc_historical_reconciliation.csv,non_promoting_flags_false;not_in_active_or_paper_index,,false,not_indexed,false
outputs/tables/ratewall_tdc_historical_selected_series.csv,non_promoting_flags_false;not_in_active_or_paper_index,,false,not_indexed,false
outputs/tables/ratewall_tdc_historical_source_contract.csv,non_promoting_flags_false;not_in_active_or_paper_index;name_pattern:source_contract,,false,not_indexed,false
outputs/tables/ratewall_tdc_liquidity_regime_trigger_evidence.csv,non_promoting_flags_false;not_in_active_or_paper_index,,false,not_indexed,false
outputs/tables/ratewall_tdc_liquidity_regime_trigger_promotion_protocol.csv,non_promoting_flags_false;not_in_active_or_paper_index,,false,not_indexed,false
outputs/tables/ratewall_tdc_liquidity_regime_trigger_validation_evidence.csv,non_promoting_flags_false;not_in_active_or_paper_index,,false,not_indexed,false
outputs/tables/ratewall_tdc_net_ratewall_effect.csv,non_promoting_flags_false;not_in_active_or_paper_index,,false,not_indexed,false
outputs/tables/ratewall_tdc_other_component_bridge.csv,non_promoting_flags_false;not_in_active_or_paper_index,,false,not_indexed,false
outputs/tables/ratewall_tdc_overlap_audit.csv,non_promoting_flags_false;not_in_active_or_paper_index;name_pattern:audit,,false,not_indexed,false
outputs/tables/ratewall_tdc_rolling_pass_through_context.csv,non_promoting_flags_false;not_in_active_or_paper_index;name_pattern:context,,false,not_indexed,false
outputs/tables/ratewall_tdc_ru_financing_deposit_impulse.csv,non_promoting_flags_false;not_in_active_or_paper_index,,false,not_indexed,false
outputs/tables/ratewall_tdc_source_coverage.csv,non_promoting_flags_false;not_in_active_or_paper_index,,false,not_indexed,false
outputs/tables/ratewall_tdcest_historical_estimator_bridge.csv,non_promoting_flags_false;not_in_active_or_paper_index,,false,not_indexed,false
outputs/tables/ratewall_tdcest_mmf_route_split_context.csv,non_promoting_flags_false;not_in_active_or_paper_index;name_pattern:context,,false,not_indexed,false
outputs/tables/ratewall_tdcest_monetary_route_bridge.csv,non_promoting_flags_false;not_in_active_or_paper_index,,false,not_indexed,false
outputs/tables/ratewall_tdcest_z1_domestic_nonbank_sector_context.csv,non_promoting_flags_false;not_in_active_or_paper_index;name_pattern:context,,false,not_indexed,false
outputs/tables/ratewall_tdcsim_assumption_mode_claim_gate.csv,non_promoting_flags_false;name_pattern:gate,,false,active_output,false
outputs/tables/ratewall_tdcsim_assumption_mode_forecast_private_route_claim_gate.csv,non_promoting_flags_false;name_pattern:gate,,false,active_output,false
outputs/tables/ratewall_tdcsim_assumption_mode_forecast_private_route_envelope.csv,non_promoting_flags_false,,false,active_output,false
outputs/tables/ratewall_tdcsim_assumption_mode_support_ingest.csv,non_promoting_flags_false,,false,active_output,false
outputs/tables/ratewall_tdcsim_domestic_nonbank_funding_classification.csv,non_promoting_flags_false;not_in_active_or_paper_index,,false,not_indexed,false
outputs/tables/ratewall_tdcsim_private_route_sensitivity_ingest.csv,non_promoting_flags_false;not_in_active_or_paper_index,,false,not_indexed,false
outputs/tables/ratewall_tdcsim_projection_contract_bridge.csv,non_promoting_flags_false;not_in_active_or_paper_index,,false,not_indexed,false
outputs/tables/ratewall_tdsp_current_demand_admission_audit.csv,non_promoting_flags_false;not_in_active_or_paper_index;name_pattern:audit,,false,not_indexed,false
outputs/tables/ratewall_tdsp_current_demand_diagnostic_mapping.csv,non_promoting_flags_false;not_in_active_or_paper_index,,false,not_indexed,false
outputs/tables/ratewall_tdsp_current_demand_source_review.csv,non_promoting_flags_false;not_in_active_or_paper_index;name_pattern:review,,false,not_indexed,false
outputs/tables/ratewall_tdsp_current_demand_unit_conversion.csv,non_promoting_flags_false;not_in_active_or_paper_index,,false,not_indexed,false
outputs/tables/ratewall_tdsp_diagnostic_family_completion_gate.csv,non_promoting_flags_false;name_pattern:gate,,false,active_output,false
outputs/tables/ratewall_tdsp_pce_dpi_policy_path_admission_audit.csv,non_promoting_flags_false;not_in_active_or_paper_index;name_pattern:audit,,false,not_indexed,false
outputs/tables/ratewall_tdsp_pce_dpi_refresh_diagnostic_mapping.csv,non_promoting_flags_false;not_in_active_or_paper_index,,false,not_indexed,false
outputs/tables/ratewall_tdsp_policy_path_normalization_blocker.csv,non_promoting_flags_false;not_in_active_or_paper_index;name_pattern:blocker,,false,not_indexed,false
outputs/tables/ratewall_tdsp_supported_horizon_response_profile.csv,non_promoting_flags_false,,false,active_output,false
outputs/tables/ratewall_term_structure_pricing_carry_diagnostic.csv,non_promoting_flags_false;not_in_active_or_paper_index,,false,not_indexed,false
outputs/tables/ratewall_threshold_calibrated_simulation.csv,non_promoting_flags_false;not_in_active_or_paper_index,,false,not_indexed,false
outputs/tables/ratewall_threshold_calibration_ranges.csv,non_promoting_flags_false;not_in_active_or_paper_index,,false,not_indexed,false
outputs/tables/ratewall_threshold_claim_boundary_audit.csv,non_promoting_flags_false;not_in_active_or_paper_index;name_pattern:audit,,false,not_indexed,false
outputs/tables/ratewall_threshold_simulation.csv,non_promoting_flags_false;not_in_active_or_paper_index,,false,not_indexed,false
outputs/tables/ratewall_threshold_solver.csv,non_promoting_flags_false;not_in_active_or_paper_index,,false,not_indexed,false
outputs/tables/ratewall_threshold_uncertainty_bands.csv,non_promoting_flags_false;not_in_active_or_paper_index,,false,not_indexed,false
outputs/tables/ratewall_treasury_attributed_deposit_component.csv,non_promoting_flags_false;not_in_active_or_paper_index,,false,not_indexed,false
outputs/tables/ratewall_treasury_bucket_repricing_prior_bridge.csv,non_promoting_flags_false;not_in_active_or_paper_index,,false,not_indexed,false
outputs/tables/ratewall_treasury_recipient_current_demand_proxy_scaffold.csv,non_promoting_flags_false;name_pattern:scaffold,,false,active_output,false
outputs/tables/ratewall_treasury_recipient_leakage_source_gate.csv,non_promoting_flags_false;not_in_active_or_paper_index;name_pattern:gate,,false,not_indexed,false
outputs/tables/ratewall_treasury_recipient_source_contract_path.csv,non_promoting_flags_false;name_pattern:source_contract,,false,active_output,false
outputs/tables/ratewall_working_capital_cost_channel_diagnostic.csv,non_promoting_flags_false;not_in_active_or_paper_index,,false,not_indexed,false
outputs/tables/sec_nmfp_mmf_treasury_cusip_context.csv,non_promoting_flags_false;not_in_active_or_paper_index;name_pattern:context,,false,not_indexed,false
outputs/tables/tic_foreign_holder_reconciliation.csv,non_promoting_flags_false;not_in_active_or_paper_index,,false,not_indexed,false
outputs/tables/tic_foreign_treasury_stock_split.csv,non_promoting_flags_false;not_in_active_or_paper_index,,false,not_indexed,false
outputs/tables/treasury_buyback_mspd_join.csv,non_promoting_flags_false;not_in_active_or_paper_index,,false,not_indexed,false
outputs/tables/treasury_buybacks.csv,non_promoting_flags_false;not_in_active_or_paper_index,,false,not_indexed,false
outputs/tables/treasury_cashflow_edge_fixtures.csv,non_promoting_flags_false;not_in_active_or_paper_index,,false,not_indexed,false
outputs/tables/treasury_coupon_cashflow_schedule.csv,non_promoting_flags_false;not_in_active_or_paper_index,,false,not_indexed,false
outputs/tables/treasury_daily_valuation_paths.csv,non_promoting_flags_false;not_in_active_or_paper_index,,false,not_indexed,false
outputs/tables/treasury_frn_leap_day_source_gap.csv,non_promoting_flags_false;not_in_active_or_paper_index,,false,not_indexed,false
outputs/tables/treasury_frn_tips_assumptions.csv,non_promoting_flags_false;not_in_active_or_paper_index,,false,not_indexed,false
outputs/tables/treasury_maturity_ladder.csv,non_promoting_flags_false;not_in_active_or_paper_index,,false,not_indexed,false
outputs/tables/treasury_mspd_field_coverage.csv,non_promoting_flags_false;not_in_active_or_paper_index,,false,not_indexed,false
outputs/tables/treasury_mspd_reconciliation.csv,non_promoting_flags_false;not_in_active_or_paper_index,,false,not_indexed,false
outputs/tables/treasury_pricing_switch_audit_disabled.csv,non_promoting_flags_false;not_in_active_or_paper_index;name_pattern:audit,,false,not_indexed,false
