source_id,title,organization_or_author,date_or_version,url,web_ref,checked_fact,used_for,confidence,notes
PROJECT_CONTEXT_2026_07_02,project notes,project research input,2026-07-02,project research notes,project_research_input,"Current headline, cell definitions, update 2 mandate",pack gating and schema,high,Primary input.
PROJECT_DRAG_GATE_2026_07_02,ratewall_drag_elasticity_pack_ingest_2026-07-02,project research input,2026-07-02,project research notes,project_research_input,Distress/default remains scenario_only with include_flag=0 until PD/LGD/deadweight/overlap evidence supplied,gate verdict and overlap rules,high,"Treat as project research inputs, not external truth."
PROJECT_RECONCILIATION_2026_07_01,ratewall_sfc_simulator_design_reconciliation_2026-07-01,project research input,2026-07-01,project research notes,project_research_input,"P/X/N mechanics, writeoff/recovery/deadweight accounting, same-cell netting",machine rules,high,Parameters fit existing dormant machinery.
PROJECT_RATE_MODULE_2026_07_01,ratewall_accounting_model_design_ingest_2026-07-01,project research input,2026-07-01,project research notes,project_research_input,Instrument rate pass-through and fixed-rate stock payment-shock treatment,scenario payment-shock profile,high,"Rate-side calibration consumed, not recalibrated."
FRB_CHARGEOFF_RELEASE_2026_05_19,Charge-Off and Delinquency Rates on Loans and Leases at Commercial Banks,Federal Reserve Board,Last update 2026-05-19,https://www.federalreserve.gov/releases/chargeoff/,source,Definitions: charge-offs are annualized net of recoveries; delinquent loans are 30+ days past due or nonaccrual,definitions,high,Official release.
FRB_CHARGEOFF_ALL_BANKS_SA_2026Q1,"Charge-Off Rates, All Banks, SA",Federal Reserve Board,2026Q1,https://www.federalreserve.gov/releases/chargeoff/chgallsa.htm,source,Q1 2026 annualized charge-off rates by family: consumer/card/other/C&I/CRE/residential,PD baselines and LGD timing context,high,Official bank data; annualized net of recoveries.
FRB_DELINQUENCY_ALL_BANKS_SA_2026Q1,"Delinquency Rates, All Banks, SA",Federal Reserve Board,2026Q1,https://www.federalreserve.gov/releases/chargeoff/delallsa.htm,source,"Q1 2026 bank delinquency rates by family including residential, CRE, cards, other consumer, C&I",distress baselines,high,Official bank data.
NYFED_HHDC_Q1_2026,Household Debt Balances Rise Slightly as Delinquency Transition Rates Hold Steady,Federal Reserve Bank of New York,2026-05-12,https://www.newyorkfed.org/newsevents/news/research/2026/20260512,source;source;source;source,Q1 2026 household debt balances and annualized flow into serious delinquency by debt type,household PD baselines and exposure proxies,high,Nationally representative CCP.
FED_CARD_DELINQ_NOTE_2025,Predicting Credit Card Delinquency Rates,Federal Reserve Board FEDS Notes,2025-02-28,https://www.federalreserve.gov/econres/notes/feds-notes/predicting-credit-card-delinquency-rates-20250228.html,source;source;source,"Prime-rate coefficient near zero/not significant; nonprime share, balances, unemployment, and standards explain more card delinquency variation",credit-card slopes,medium,"Associational, not causal; used to keep generic rate slope low."
FED_AUTO_PAYMENTS_NOTE_2024,Rising Auto Loan Delinquencies and High Monthly Payments,Federal Reserve Board FEDS Notes,2024-09-26,https://www.federalreserve.gov/econres/notes/feds-notes/rising-auto-loan-delinquencies-and-high-monthly-payments-20240926.html,source;source;source,Auto delinquencies rose; monthly payment increases are positively associated with delinquency; 1pp payment increase correlated with >2.9bp higher two-year delinquency,auto slopes,medium,"Associational, not pure rate-only causal estimate."
OCC_UNIFORM_RETAIL_CHARGEOFF_2000,Uniform Retail Credit Classification and Account Management Policy,Office of the Comptroller of the Currency,2000-06-20,https://www.occ.gov/news-issuances/bulletins/2000/bulletin-2000-20.html,source,Closed-end retail charge-off generally at 120 days past due; open-end at 180 days; residential-secured retail at 180 days,recognition timing,high,Regulatory classification policy.
FED_UNIFORM_RETAIL_CHARGEOFF_2000,Uniform Retail-Credit Classification and Account-Management Policy,Federal Reserve Board,2000,https://www.federalreserve.gov/frrs/guidance/uniform-retail-credit-classification-and-account-management-policy.htm,source,Charge-off operational timing no later than end of month when 120/180-day threshold elapses,recognition timing,high,Regulatory guidance.
FED_SHED_2025_LIQUIDITY,Economic Well-Being of U.S. Households: Unexpected Expenses / Savings,Federal Reserve Board SHED,2026-05-13 / 2025 report,https://www.federalreserve.gov/consumerscommunities/sheddataviz/unexpectedexpenses-table.html,source;source,"63% could cover $400 with cash/equivalent in 2025; 55% had three months of emergency savings in 2024; liquidity varies by income, age, race",liquidity-buffer damping,high,Official household survey; not loan-cell specific.
FED_SHED_STUDENT_2024,Economic Well-Being of U.S. Households: Higher Education and Student Loans,Federal Reserve Board SHED,2025-06-12,https://www.federalreserve.gov/publications/2025-economic-well-being-of-us-households-in-2024-higher-education-and-student-loans.htm,source,"20% of adults with outstanding own-education student loans were behind; large differences by income, race, and institution type",student baseline context,medium,"Survey data, not private-loan PD."
NCUA_PRIVATE_STUDENT_LOANS,Private Student Loans,National Credit Union Administration,updated 2026-05-08,https://ncua.gov/regulation-supervision/letters-credit-unions-other-guidance/private-student-loans,source,Private student loans have interest-rate/liquidity risk; variable-rate PSLs may have caps; PSLs require monitoring default trends,private-student variable-risk context,medium,"Supervisory guidance, not a default rate."
PHILADELPHIAFED_STUDENT_DEFAULT_OUTCOMES_2025,"Financial Consequences of Student Loan Delinquency, Default, and Servicer Quality",Federal Reserve Bank of Philadelphia working paper,2025,https://www.philadelphiafed.org/-/media/frbp/assets/working-papers/2025/wp25-38.pdf,source,Student-loan delinquents/defaults experience credit-score/access effects and broader distress around delinquency; screenshot checked,student deadweight / credit-access rationale,medium,Working paper; causal interpretation limited.
HUD_FORECLOSURE_DEADWEIGHT_2009,Regulatory Impact of Implementing Helping Families Save Their Homes Act,U.S. HUD archive,2009,https://archives.hud.gov/initiatives/hopeforhomeowners/h4heconomicanalysis.cfm,source,HUD discusses foreclosure local government costs and deadweight/public administrative costs; cautions on causality/nonlinearity,mortgage deadweight,medium,"Older policy analysis; used for deadweight concept, not direct calibration."
TREPP_CMBS_DELINQ_2026,Trepp CMBS Delinquency Rate updates,Trepp,2026-03 to 2026-07,https://www.trepp.com/trepptalk/topic/cmbs-delinquency-rate,source;source,CMBS delinquency 7.55% in May/March 2026; nonperforming matured balloon loans dominate new delinquency balances in May,CRE PD and refi-wall threshold,medium,CMBS not all CRE; useful for stressed tail.
STLOUISFED_CRE_MATURITY_WALL_2024,Commercial Real Estate in Focus,Federal Reserve Bank of St. Louis,2024-05-30,https://www.stlouisfed.org/on-the-economy/2024/may/commercial-real-estate-in-focus,source,"CRE debt $5.9T, banks hold roughly half, $1.7T / nearly 30% expected to mature 2024-2026; refinancing at higher rates",CRE refi-wall scenario and exposure context,high,"Uses Trepp estimates, official Fed bank blog."
MBA_CRE_MATURITIES_2026,Commercial Real Estate Loan Maturity Volumes,Mortgage Bankers Association,2026-03-02,https://www.mba.org/news-and-research/newsroom/blog-post/commercial-real-estate-loan-maturity-volumes,source,Search result: 17% / $875bn of $5.0T commercial mortgages scheduled to mature in 2026,CRE refi-wall exposure proxy,medium,Search result/open failed; verify before headline use.
SP_US_CORP_DEFAULT_FORECAST_2025,U.S. corporate defaults fall to lowest level since February,S&P Global Ratings,2025-12-17,https://www.spglobal.com/ratings/en/regulatory/article/default-transition-and-recovery-us-corporate-defaults-fall-to-the-lowest-level-since-february-s101661849,source,Search result: S&P expects U.S. trailing-12-month speculative-grade default rate to ease to 4.0% by Sep 2026 from 4.6%,HY default baseline,medium,Paywall; search snippet only.
FITCH_US_HY_LOAN_DEFAULTS_2026,U.S. HY and leveraged loan default rates,Fitch Ratings,2026,https://www.fitchratings.com/research/corporate-finance/us-hy-loan-default-rates-rise-modestly-credit-conditions-stay-constructive-17-02-2026,source;source,Fitch forecasts 2026 leveraged loan default rate 4.5-5.0% and HY default rate 2.5-3.0%; Dec 2025 defaults 4.8% leveraged loans and 2.5% HY bonds,HY and floating-rate corporate baseline,medium,Search snippets due access limits.
SP_US_RECOVERY_STUDY_2025,U.S. Recovery Study,S&P Global Ratings,2025-12-17,https://www.spglobal.com/ratings/en/regulatory/article/default-transition-and-recovery-us-recovery-study-supportive-markets-boost-loan-recoveries-s101659996,source,Search result: loan recoveries rose to 88.4% in first three quarters 2025; bond recoveries slumped to 21.3%,HY LGD/recovery range,medium,Paywall; search snippet only.
REUTERS_PRIVATE_CREDIT_FITCH_2026,"U.S. private credit defaults hit record 9.2% in 2025, Fitch says",Reuters,2026-03-06,https://www.reuters.com/business/us-private-credit-defaults-hit-record-92-2025-fitch-says-2026-03-06/,turn872509news36,Fitch private-credit default rate 9.2% in 2025; many smaller/floating-rate borrowers with limited hedging; prolonged high rates as stress source,C&I/SMB and HY stress context,medium,News report on Fitch data; not bank C&I total.
OWNER_ASSUMPTION_DISTRESS_V2B,Owner-assumption recommendation for V2b scenario pack,This calibration,2026-07-02,owner_assumption://rwtam/distress_v2b,,"Thresholds, slopes, LGD, deadweight shares, liquidity multipliers where public loan-level causal evidence is unavailable",scenario-only parameter fill,low-to-medium,Every row using this source remains scenario-only and rejectable.
OWNER_ASSUMPTION_EXPOSURE_SPLITS_V2B,Owner-assumption exposure splits for order-of-magnitude drag,This calibration,2026-07-02,owner_assumption://rwtam/distress_v2b/exposures,,"Private-student variable, small-business C&I, floating CRE, HY stress-exposed stock assumptions",order-of-magnitude drag only,low,Never promote to headline without balance-sheet stock reconciliation.
